"";"andrzej";"ano";"armia";"bać";"bardziej";"będę";"bezpieczny";"biały";"blady";"blask";"bliski";"bóg";"bok";"brać";"brama";"brata";"broń";"bronić";"brzeg";"brzmieć";"bujny";"być";"cel";"chłopak";"chłopiec";"chmura";"chociaż";"chodzić";"chwila";"chwilę";"chyba";"ciąg";"ciągnąć";"ciało";"cichy";"cię";"ciebie";"ciemność";"ciemny";"cień";"ciepło";"cieszyć";"ciężki";"cisza";"cóż";"czarne";"czarny";"czasem";"czego";"czekać";"czerwone";"czerwony";"część";"członek";"człowiek";"czterech";"cztery";"czuć";"czym";"czyn";"dach";"dalej";"daleki";"dawać";"dawny";"deszcz";"dlaczego";"dlatego";"dłoń";"dna";"dnia";"dobra";"dobre";"dobry";"dobrze";"dochodzić";"dodać";"dojść";"dół";"dola";"dom";"domu";"dopiero";"dość";"dostrzec";"dotrzeć";"dowiedzieć";"drogi";"drżeć";"drzewo";"drzwi";"duch";"dusza";"duży";"dwie";"dwóch";"dym";"dzieci";"dziecko";"dzięki";"dziki";"dziś";"dziwny";"gardło";"gdzieś";"głęboki";"głos";"głośno";"głowa";"główny";"głupi";"godny";"godzina";"góra";"gorący";"grać";"grosz";"gruby";"gwiazda";"herb";"historia";"ile";"imię";"inaczej";"jaka";"jakaś";"jakby";"jaki";"jakiś";"jakże";"jednać";"jednego";"jedyny";"jesienny";"jestem";"jesteś";"język";"kamień";"kark";"kąt";"każdy";"kiedyś";"kierunek";"kilka";"kobieta";"kolano";"kolejny";"kompania";"koń";"korona";"kościół";"kraj";"krew";"krok";"król";"królewski";"krótki";"krzyczeć";"krzyk";"krzyknąć";"kwiat";"las";"lasu";"lata";"lecieć";"ledwie";"lekki";"lepiej";"lepszy";"leżeć";"liczny";"liść";"ludzi";"ludzie";"ludzki";"łuk";"łza";"mało";"mały";"mam";"masz";"matka";"mąż";"mężczyzna";"miał";"miasta";"mieć";"miecz";"między";"mielić";"milczeć";"miłość";"minąć";"młodego";"młody";"mną";"mniej";"mogli";"mój";"moja";"morze";"mowa";"mrok";"mur";"musieć";"myśl";"myśleć";"nadal";"nadejść";"nadzieja";"nagły";"najbardziej";"najlepszy";"najpierw";"największy";"należeć";"nami";"następny";"nasz";"naszych";"natychmiast";"nauczyć";"nazwa";"nazwisko";"nazywać";"nią";"niby";"niczego";"niebo";"niech";"nieco";"niektóry";"niemal";"nigdy";"nikt";"nimi";"niski";"noc";"noga";"nos";"nosić";"nowa";"nowego";"nowy";"nóż";"obcy";"obejrzeć";"obrona";"obu";"oczy";"oczywisty";"odeprzeć";"odezwać";"odmówić";"odpowiedź";"odpowiedzieć";"odrzucić";"ogień";"ognisko";"ogromny";"ojciec";"okno";"okolica";"okres";"okropny";"ona";"oni";"opowiedzieć";"opuścić";"osoba";"ostrożny";"ostry";"otrzymać";"otwarty";"otworzyć";"palce";"palić";"pamiętać";"pana";"pani";"panie";"parę";"paść";"patrzyć";"pełny";"pewien";"pewność";"pewny";"pięciu";"piękny";"pieniądz";"pierś";"pierwsza";"pierwsze";"pies";"pieśń";"pilnować";"plecy";"pochodzić";"początek";"początkowy";"poczuć";"podczas";"podnosić";"podobny";"podróż";"pojechać";"pokazać";"pół";"pole";"północ";"południe";"pomiędzy";"pomoc";"pomóc";"pomyśleć";"ponowny";"pora";"poszedł";"poszła";"potrafić";"potrzeba";"potrzebny";"potrzebować";"powiedzieć";"powietrze";"powód";"powrócić";"powrót";"powstrzymać";"później";"pozostać";"pozostały";"pozwolić";"praca";"pracować";"prawa";"prawda";"prawdziwy";"prawie";"prawo";"prawy";"prędki";"próbować";"prostu";"prowadzić";"przecież";"przeciwny";"przedtem";"przekonać";"przerwa";"przeszedł";"przychodzić";"przyjąć";"przyjaciel";"przyjść";"przynajmniej";"przypomnieć";"ptak";"puścić";"pusty";"pytać";"rada";"radość";"ramię";"raz";"razem";"reszta";"robić";"robota";"roboty";"rod";"rodzina";"rok";"równia";"rozkaz";"rozmowa";"rozpocząć";"ruch";"ruszyć";"rycerz";"rząd";"rzadki";"rzecz";"rzeczywisty";"rzeka";"rzekł";"rzucić";"sądzić";"sama";"same";"samej";"samo";"samym";"ściągnąć";"ściana";"serce";"setka";"siedzieć";"siła";"siostra";"skąd";"skończyć";"skóra";"skoro";"słaby";"słodki";"słońce";"słów";"słowo";"słuchać";"służba";"słyszeć";"śmiech";"śmierć";"śmierci";"smok";"śnieg";"sobą";"śpiewać";"spod";"spojrzeć";"spokój";"spokojny";"spory";"spotkać";"spotkanie";"sprawa";"spytać";"srebrny";"środek";"stąd";"stal";"stała";"stan";"stanąć";"stara";"starszy";"stary";"staw";"sto";"stopa";"strach";"stracić";"straszny";"straż";"strona";"swego";"świat";"świata";"światło";"świecie";"święta";"swoich";"swoim";"swój";"swoją";"swojego";"swojej";"syn";"szary";"szczęście";"szeroki";"szkoda";"sztylet";"szukać";"szybki";"tajny";"taka";"taki";"tamten";"tom";"towarzystwo";"towarzyszyć";"tradycja";"trafić";"trochę";"trud";"trudno";"trza";"trzech";"trzeci";"trzy";"trzymać";"tutaj";"twierdza";"twój";"twoja";"tyle";"tytuł";"uciec";"uczynić";"udać";"uderzenie";"udział";"usłyszeć";"uśmiech";"uśmiechnąć";"usta";"uszach";"uwaga";"uważać";"uzyskać";"walczyć";"walka";"wam";"was";"wcale";"wciąż";"wcześniej";"wejść";"wiadomo";"wiatr";"widok";"widzieć";"więcej";"wiedzieć";"wieko";"większość";"większy";"wiele";"wielkie";"wielu";"wieś";"wieża";"wilk";"wiosna";"wkrótce";"władysław";"właściwy";"własny";"włosy";"wobec";"woda";"wojna";"wola";"wołać";"woli";"wolna";"wolno";"wolny";"wówczas";"wpaść";"wracać";"wraz";"wreszcie";"wrócić";"wschód";"wspólny";"wszelki";"wszyscy";"wszystkie";"wszystkim";"wtedy";"wybrać";"wybuchnąć";"wychodzić";"wyciągnąć";"wydać";"wydarzenie";"wydawać";"wyglądać";"wyjść";"wysłać";"wysoki";"wyższy";"zabić";"zabrać";"zachód";"zaczynać";"zadać";"żaden";"żałować";"założyć";"zamek";"zanim";"zapłacić";"zapomnieć";"zapytać";"zaraz";"zatrzymać";"zauważyć";"zawołać";"zawsze";"zbierać";"zbrojny";"zbyt";"zdawać";"zdobyć";"zdołać";"zebrać";"żelazny";"zginąć";"zgodny";"zgodzić";"ziemia";"zima";"zimny";"złoty";"zły";"zmienić";"zmierzch";"znać";"znaczny";"znaczyć";"znak";"znaleźć";"znany";"znowu";"zobaczyć";"zostać";"zostawić";"zrobić";"źródło";"zrozumieć";"zwać";"zwrócić";"zwykły";"żyć";"życie";"żyła";"żywy"
"chlopi-czesc-czwarta-lato";0;5;0;0;0;0;0;1;0;1;0;2;0;0;0;0;0;0;0;0;1;0;0;0;0;0;3;3;1;2;0;1;0;0;4;1;0;0;0;0;1;0;5;0;0;0;0;0;2;1;0;0;1;0;1;1;0;0;1;0;1;0;3;1;1;1;0;0;0;0;0;0;1;2;3;0;1;0;0;1;3;0;2;0;0;0;0;3;0;1;3;0;2;0;1;0;1;6;0;0;0;0;2;1;0;2;1;0;4;0;2;0;2;2;1;0;1;0;0;0;0;0;0;0;1;1;6;3;1;1;2;0;1;1;0;0;0;0;0;1;2;0;0;0;3;0;0;0;2;0;6;0;0;0;1;0;0;1;0;0;2;1;0;0;4;2;1;2;1;7;0;0;0;6;0;0;5;0;2;0;0;3;0;0;0;1;2;0;0;0;0;0;0;0;0;0;0;0;5;0;0;0;0;0;0;0;0;0;2;1;2;0;1;0;1;1;0;0;0;0;0;0;0;0;0;1;5;1;1;3;1;0;0;0;0;1;0;0;1;0;0;0;0;0;0;0;1;0;0;8;0;0;0;1;0;0;0;0;0;0;1;3;0;0;0;3;0;1;0;0;0;1;0;1;1;0;0;0;0;0;0;1;1;4;2;0;0;0;0;0;1;2;0;0;3;0;2;1;0;0;0;0;0;0;0;0;0;0;1;5;0;1;1;2;1;1;0;1;1;2;0;0;0;0;2;4;1;1;0;0;0;0;0;0;0;0;0;3;0;1;0;1;2;0;0;0;0;0;0;0;1;0;1;0;0;0;0;1;3;2;0;2;0;1;0;0;0;0;2;0;2;0;1;0;0;0;0;1;1;0;0;0;0;0;0;0;0;0;1;1;4;0;1;0;0;3;4;0;2;0;1;0;1;0;0;0;2;8;0;4;0;0;0;0;4;3;0;0;1;0;1;2;1;0;0;0;0;1;0;0;1;0;0;1;0;1;1;0;1;2;0;0;2;0;2;0;0;0;1;0;1;3;1;0;1;0;0;0;0;0;1;2;3;0;0;3;0;0;3;4;0;0;0;0;0;1;5;0;0;1;0;0;0;3;0;0;0;0;2;0;1;0;0;0;0;0;0;0;0;0;0;0;0;0;0;0;1;0;0;0;0;0;0;0;3;1;2;1;0;0;0;0;1;7;0;0;0;0;1;0;0;1;0;2;0;0;1;0;1;0;0;0;1;0;4;1;0;0;0;1;1;3;1;0;0;1;2;0;0;0;0;0;1;0;0;0;0;1;0;0;0;0;3;0;0;0;0;0;1;1;0;0;0;0;1;0;0;0;0;0;1;0;0;0;0;3;0;1;0;1;0;0;0;0;0;1;0;0;3;0;0;0;4;0;1;0;0;1;2;1;0;2
"chlopi-czesc-czwarta-zima";0;1;0;0;0;1;0;2;1;0;0;3;0;1;0;0;0;0;1;0;0;0;0;4;0;6;0;0;0;0;1;1;0;0;6;0;0;1;0;1;1;0;2;1;1;2;2;1;0;0;1;0;1;0;1;0;0;1;0;0;3;0;0;1;0;0;0;0;1;7;1;0;2;2;1;0;0;0;0;0;0;1;1;0;1;0;0;5;1;6;4;0;2;1;1;0;1;1;0;0;2;0;0;0;0;2;4;0;2;1;1;0;1;4;0;0;1;2;1;0;0;1;0;0;1;0;19;0;0;2;1;1;0;2;0;0;0;0;0;0;0;0;0;0;2;0;0;0;0;0;0;0;0;0;0;0;1;1;3;0;0;1;0;0;3;3;0;0;0;4;0;0;0;4;1;0;1;0;0;0;0;0;1;0;0;0;0;0;2;0;3;0;0;0;0;0;0;0;3;0;0;0;2;0;0;0;0;0;0;0;3;0;0;0;1;0;0;0;0;0;0;0;0;0;0;0;8;1;10;1;5;0;0;0;0;1;1;14;2;1;0;1;0;0;0;0;0;1;0;3;0;0;0;0;1;0;0;4;0;1;0;1;0;0;1;1;0;0;1;0;0;5;0;0;0;0;0;0;0;0;0;0;0;1;6;0;0;1;0;0;0;1;0;1;7;0;0;0;0;0;0;0;0;2;1;0;0;2;1;5;2;2;0;0;0;0;0;0;1;0;0;1;0;0;2;1;0;0;0;1;0;0;0;0;0;0;0;1;0;2;0;0;0;0;0;0;0;0;0;0;0;0;1;0;0;3;0;0;1;1;1;0;1;1;1;0;0;0;2;0;1;0;0;1;1;0;0;0;1;0;0;1;0;0;0;1;0;0;0;0;0;0;0;1;0;3;0;0;3;0;0;1;0;0;2;0;1;2;0;2;0;0;0;0;0;1;0;14;0;0;1;1;0;0;0;0;0;0;1;0;1;0;0;0;0;2;0;3;5;4;1;0;2;0;4;0;1;0;10;0;1;2;2;0;1;0;0;0;0;0;1;0;0;1;0;2;0;0;6;0;0;0;0;0;0;0;0;0;0;1;0;1;4;0;0;0;0;1;3;0;1;1;0;0;0;0;1;0;0;0;0;0;0;0;0;0;0;0;5;0;0;0;2;0;0;0;0;0;0;1;0;0;0;6;0;1;0;0;1;0;0;0;0;4;0;1;1;0;1;0;0;0;0;0;3;2;0;2;1;3;0;3;0;0;0;0;0;0;0;0;0;1;0;0;0;0;0;0;2;1;0;0;1;0;0;0;1;0;0;1;0;0;0;0;0;0;0;0;0;0;0;1;2;0;0;11;7;0;0;2;0;1;1;0;0;0;0;0;1;0;0;0;1;0;0;0;0;1;1;0;0;0
"chlopi-czesc-pierwsza-jesien";0;2;0;0;0;0;0;0;2;0;0;8;1;1;0;0;0;0;0;1;0;0;0;5;0;1;1;7;1;2;0;0;4;0;2;1;0;0;0;1;1;0;5;2;1;1;1;2;0;0;1;2;1;0;1;0;0;0;0;0;2;2;2;2;0;0;0;0;0;1;0;0;2;1;5;1;1;1;1;0;0;2;2;0;0;0;0;6;1;2;0;0;0;2;1;0;1;2;1;0;0;0;0;0;2;1;2;0;8;0;3;0;0;0;0;1;2;0;0;0;0;0;0;0;2;2;5;1;0;5;0;0;0;4;0;0;1;4;2;3;5;0;0;0;5;2;0;0;4;0;3;0;0;2;0;0;1;1;3;1;1;3;1;0;6;0;1;0;0;6;0;1;3;6;1;2;1;2;0;0;1;1;0;1;1;1;2;0;2;1;2;0;0;0;0;0;0;0;1;1;1;0;2;0;0;0;1;0;0;0;0;0;0;1;0;0;0;0;1;0;0;0;0;0;0;1;7;0;1;3;5;1;0;0;1;6;4;0;2;0;0;0;0;0;0;0;1;1;0;4;0;0;0;0;0;1;0;0;2;5;2;0;0;0;0;0;0;0;4;0;1;0;0;1;0;0;1;0;0;1;1;1;1;3;3;0;0;0;0;1;0;0;2;0;2;0;1;0;0;0;0;0;0;1;0;0;1;0;1;7;1;1;0;0;1;0;0;0;1;3;0;0;0;0;1;3;0;0;0;1;0;0;0;0;0;0;1;3;0;0;1;1;1;0;0;2;0;0;0;0;0;1;0;0;0;0;0;0;0;2;2;0;0;0;1;0;1;0;2;2;1;0;0;0;0;0;1;0;2;1;0;2;1;0;0;2;2;0;0;0;0;0;0;2;0;0;0;0;2;0;0;1;0;1;0;0;0;9;1;2;0;1;0;0;0;0;0;2;2;1;2;2;0;0;0;0;0;0;2;2;1;0;0;1;1;0;5;0;1;2;0;0;0;0;0;0;2;0;5;0;0;1;0;0;0;1;3;0;0;0;6;1;1;2;0;1;0;0;3;3;0;2;0;0;0;1;0;0;0;3;0;1;0;1;0;0;0;0;2;0;0;0;0;0;0;0;1;2;1;0;0;0;0;0;1;0;1;0;1;0;0;1;1;0;1;0;0;0;0;0;1;0;0;11;1;0;0;0;1;0;1;0;0;0;0;0;2;0;4;3;1;0;0;0;5;0;1;1;0;0;1;0;0;0;0;0;0;3;0;0;0;0;0;0;2;0;0;1;5;1;0;0;1;1;0;0;2;1;0;6;0;0;3;1;0;0;0;0;0;0;1;0;0;0;0;11;2;1;2;1;0;0;0;0;1;0;1;0;10;0;0;0;1;0;0;0;1;0;0;0;0;3
"chlopi-czesc-trzecia-wiosna";0;6;0;0;0;0;0;0;1;0;1;3;1;3;0;0;0;1;0;0;2;1;0;2;1;1;1;0;2;1;0;0;4;0;0;0;0;0;0;0;0;0;9;0;0;4;0;0;1;1;2;0;1;0;1;0;0;4;0;0;2;0;2;0;1;1;0;0;2;0;1;0;2;1;3;1;0;0;0;3;0;0;1;0;0;0;0;3;2;10;0;0;6;1;0;0;3;1;0;0;1;0;1;0;1;0;4;0;1;0;0;1;3;2;0;2;1;1;1;0;0;0;0;0;1;0;4;3;1;2;0;0;1;0;0;0;0;3;0;1;7;0;0;1;1;1;0;0;0;0;3;2;0;0;0;0;0;0;2;0;1;2;0;1;2;4;0;0;1;3;0;1;1;2;1;0;2;2;0;0;0;0;0;0;0;0;8;0;4;0;0;1;0;0;1;0;0;0;1;0;1;0;3;1;2;0;1;0;1;1;5;0;0;0;0;0;0;0;0;0;0;0;0;0;0;4;3;0;8;1;4;0;0;1;0;2;3;2;1;0;0;0;0;0;0;1;1;0;0;6;0;1;0;0;0;0;0;1;0;2;0;1;0;0;0;2;0;0;0;0;0;2;0;0;0;1;1;1;0;1;1;1;1;1;1;0;0;0;0;1;1;2;0;0;0;1;0;1;1;0;0;2;0;2;0;0;0;3;0;13;0;0;0;0;0;1;0;2;0;2;0;0;1;0;0;2;0;2;0;0;0;0;0;2;0;1;0;1;0;1;0;0;1;0;0;0;0;0;0;0;0;0;1;1;0;0;0;1;2;0;0;0;1;5;0;0;0;0;0;1;0;1;0;0;0;0;0;0;0;1;0;3;1;1;0;0;0;0;0;0;1;0;0;1;0;1;7;0;1;2;0;1;0;0;2;1;4;13;1;1;0;0;0;0;0;2;0;2;4;5;5;0;0;0;1;0;0;1;0;0;0;0;0;0;1;0;2;0;0;3;0;0;0;0;0;0;0;0;7;1;2;2;7;2;0;0;2;0;2;0;5;2;2;0;0;0;0;0;2;3;0;0;0;0;0;0;0;1;0;1;0;1;0;0;1;0;0;0;2;0;0;1;0;0;0;0;0;0;0;1;1;0;0;0;0;0;0;0;1;0;1;0;0;0;2;0;1;0;0;1;0;1;0;19;0;0;2;0;1;0;0;1;0;7;0;0;1;2;4;0;0;0;0;2;5;0;1;4;0;1;0;2;1;0;1;0;0;0;0;0;0;0;1;0;1;0;0;0;1;0;0;0;0;0;0;0;0;0;0;1;0;1;0;1;1;0;0;0;0;0;0;0;0;0;1;13;4;0;2;0;1;0;0;0;0;0;0;0;2;0;0;0;0;0;0;0;0;0;0;3;0;2
"George R.R. Martin 01 - Gra o tron";0;0;0;3;2;1;1;1;1;7;0;2;4;0;0;0;5;0;0;0;0;1;0;1;1;0;0;4;4;4;0;1;0;5;2;4;2;6;3;4;1;0;3;1;1;3;12;0;2;2;2;0;0;0;2;3;0;7;1;0;0;1;0;0;2;1;2;0;7;0;0;0;0;0;1;2;1;0;3;0;0;0;0;0;4;2;0;0;3;13;0;0;0;0;1;1;0;1;0;0;2;0;1;2;1;1;10;1;6;0;0;0;0;3;1;0;0;3;1;0;0;0;0;1;0;0;4;7;1;0;0;0;0;0;0;1;1;2;0;1;2;2;0;0;2;1;2;0;7;1;0;0;5;1;0;0;3;0;2;1;0;5;3;0;1;1;0;2;1;4;2;5;3;2;1;1;0;0;2;1;2;1;0;4;1;0;1;23;1;0;2;0;1;3;8;1;1;1;3;2;1;0;2;5;1;0;1;0;1;0;1;1;1;2;0;0;2;2;1;0;0;2;0;0;1;0;1;1;3;0;0;0;1;2;3;0;0;3;1;0;0;0;0;1;1;2;0;0;0;7;0;1;1;1;1;8;2;7;3;5;0;0;0;0;1;1;2;1;0;0;3;1;0;1;2;4;1;0;1;0;5;0;0;2;2;1;3;6;1;0;0;2;1;1;0;0;2;1;0;0;0;2;0;0;3;1;1;0;1;0;4;0;0;0;0;2;0;1;0;0;3;0;0;1;11;3;0;0;0;0;3;1;3;0;0;0;0;0;1;6;0;1;0;0;1;1;1;0;0;1;0;0;1;1;0;1;1;1;1;0;2;0;2;0;6;1;2;0;0;0;0;1;0;0;1;3;0;0;2;1;14;0;0;2;2;0;1;2;0;0;0;2;3;1;2;0;1;1;3;1;0;1;1;6;2;1;1;0;1;2;0;1;1;1;0;0;0;12;2;0;0;2;1;1;0;2;0;0;5;0;0;1;1;1;0;3;0;0;5;0;1;1;3;1;2;6;1;0;0;0;2;0;0;1;3;4;0;4;1;0;1;1;0;0;1;1;2;0;1;2;1;0;0;2;0;0;4;1;1;0;1;0;1;0;3;0;1;0;0;0;0;0;0;1;0;2;3;1;6;1;2;0;0;1;1;0;0;0;1;4;0;0;4;0;14;2;0;1;1;1;0;0;1;0;0;3;0;0;0;0;1;0;0;2;0;0;1;0;0;0;1;0;0;2;0;3;0;0;0;0;0;2;0;1;0;0;1;2;1;0;4;1;1;1;2;0;2;0;1;0;1;2;0;1;1;0;0;0;0;0;3;5;2;0;0;0;1;1;0;0;0;0;0;0;0;7;2;11;0;0;1;0;0;0;0;1;3;3;2;4;3;0;3;1;2;0;3;2;4;0;0;2
"George R.R. Martin 03 - Nawalnica mieczy 01 - Stal i snieg";0;0;2;1;2;2;1;0;0;0;0;0;2;2;1;2;0;0;3;1;0;2;0;1;1;0;0;6;0;2;1;0;1;0;2;8;0;0;0;0;0;1;0;0;0;1;2;3;2;0;3;2;0;1;2;0;1;0;0;0;0;1;0;0;0;2;1;2;2;1;4;1;1;0;0;0;3;0;2;0;0;1;1;1;0;2;2;0;1;3;0;0;0;0;1;2;1;3;0;0;0;0;1;1;0;0;4;0;2;0;1;1;0;5;6;4;0;1;0;0;0;0;4;0;0;0;2;3;2;1;0;0;2;0;2;3;1;0;0;0;2;1;1;1;6;1;0;0;4;0;0;1;2;0;7;10;1;0;0;0;1;0;1;0;0;1;0;0;1;0;0;0;5;5;0;0;1;1;0;2;2;2;0;4;0;1;10;2;0;2;0;5;3;1;0;0;0;1;0;1;0;0;0;0;4;1;3;7;0;0;2;0;1;0;0;0;0;2;0;2;0;1;0;1;1;4;0;0;1;0;0;2;1;3;0;1;1;9;6;1;3;4;0;1;0;0;0;0;2;2;1;2;1;0;1;1;0;1;1;0;11;0;0;0;1;3;1;2;1;0;0;0;0;0;1;1;0;2;1;7;0;0;0;0;1;0;2;0;0;8;0;3;0;0;2;2;0;0;1;1;0;1;1;0;3;0;1;1;1;0;0;3;0;0;0;3;0;1;0;0;1;0;0;4;15;0;0;0;0;1;1;1;0;1;0;0;3;5;2;1;3;0;0;1;1;1;1;1;3;2;0;0;0;1;1;1;0;1;1;0;0;0;0;0;2;2;6;2;5;0;0;2;0;1;1;3;1;0;0;0;7;0;0;2;2;4;0;0;5;3;1;0;7;0;0;0;2;0;1;1;6;0;3;0;2;0;3;1;1;2;1;1;1;0;0;1;0;0;1;4;2;0;0;0;0;2;0;0;0;1;0;0;0;0;2;0;1;2;0;0;0;1;2;2;0;1;4;0;1;0;0;1;0;1;0;0;0;1;0;1;1;0;0;0;0;0;0;1;2;3;1;1;1;2;0;0;1;1;1;0;2;1;2;4;1;1;2;0;2;0;2;1;1;2;0;2;2;1;1;0;0;0;0;2;1;0;0;1;0;0;0;0;1;0;6;1;1;2;1;0;1;0;2;0;0;0;0;1;0;1;1;1;0;1;4;0;0;1;0;3;0;0;0;0;0;0;2;0;0;1;4;3;0;6;0;1;2;1;0;0;0;3;3;4;0;0;5;4;3;0;1;0;0;2;0;0;0;3;3;0;1;3;1;4;0;1;1;1;1;1;0;2;3;0;2;0;0;0;0;1;3;1;2;1;1;0;3;0;1;1;10;2;3;0;0;0;0;0;3;4;1;0
"George R.R. Martin 04 - Nawalnica mieczy 02 - Krew i zloto";0;0;0;2;2;1;2;1;0;1;1;0;2;2;0;1;2;1;0;0;0;0;0;5;1;1;0;3;2;0;3;0;0;0;1;1;2;0;0;0;2;1;0;1;2;1;1;0;2;3;0;8;0;0;0;3;1;0;3;0;1;0;0;1;0;0;1;0;3;0;2;1;0;4;0;0;2;1;2;0;0;0;2;0;0;0;0;0;1;0;1;0;0;1;3;2;0;0;3;0;0;1;1;1;1;0;0;0;8;0;3;2;0;1;1;0;0;2;1;3;2;0;1;1;0;1;4;1;3;0;0;0;0;1;1;0;0;0;1;0;3;3;0;1;4;0;1;0;0;3;0;0;1;1;17;6;1;0;1;1;0;0;0;0;0;1;1;3;1;0;0;0;0;1;0;1;0;0;2;2;0;5;7;2;1;1;5;10;3;2;1;8;2;1;1;1;3;1;4;1;0;0;0;1;9;1;0;0;1;0;1;1;0;1;0;1;0;1;0;0;2;1;1;0;1;4;0;0;2;0;1;1;1;5;0;2;0;1;3;3;2;1;0;2;3;0;0;0;1;4;0;3;1;0;1;1;1;0;0;0;12;1;0;0;1;1;0;1;1;0;1;4;0;0;1;1;2;2;3;11;7;1;0;2;0;2;3;0;1;6;0;0;0;0;1;1;0;1;1;2;0;1;2;1;2;0;1;2;2;1;1;1;0;0;1;5;1;0;1;0;1;1;0;2;9;1;2;0;0;1;1;0;1;2;0;0;0;2;0;3;1;1;0;1;1;0;1;0;1;0;0;1;0;0;0;0;0;2;0;0;0;1;1;0;4;1;2;0;2;0;0;2;0;3;3;0;0;0;0;2;3;0;0;1;3;0;2;0;0;2;0;1;3;0;1;0;0;3;3;1;2;0;1;4;1;0;3;2;1;3;1;1;2;3;2;0;3;0;3;0;0;1;1;1;0;1;1;2;0;2;1;0;5;0;1;0;1;0;2;0;0;2;0;0;0;0;1;4;0;0;1;2;0;1;0;4;0;0;0;0;0;2;0;0;6;0;1;0;1;6;0;2;1;1;1;0;1;0;0;0;1;0;2;1;1;2;1;2;1;1;0;3;1;2;0;3;0;1;2;0;2;1;0;1;0;1;0;0;0;1;2;0;1;2;4;3;8;0;0;0;3;3;0;0;3;3;0;3;0;1;3;1;0;4;0;3;0;0;0;0;1;0;1;0;0;1;3;1;0;1;3;2;1;0;0;0;1;0;1;0;3;13;2;3;2;2;4;2;0;0;1;1;0;0;6;2;0;1;1;0;0;6;1;2;1;1;7;0;1;0;0;0;4;1;2;0;0;2;11;1;0;1;2;0;3;1;3;0;2;4;2;1;5;0;1;1;2;0;0;1;1;0
"George R.R. Martin 05 - Uczta dla wron 01 - Cienie smierci";0;0;0;1;0;2;1;6;0;0;0;0;0;3;0;3;1;2;0;1;0;1;0;5;0;0;0;0;1;3;4;0;1;0;1;4;2;0;1;1;0;1;0;1;1;1;8;0;0;1;0;1;1;3;1;0;0;0;2;1;1;1;1;0;0;0;3;0;0;0;2;1;0;3;6;0;3;0;0;0;0;0;0;0;0;0;0;0;1;0;0;1;0;2;0;0;0;0;0;1;2;3;1;0;0;0;4;2;11;0;1;2;0;1;1;0;0;0;0;1;0;1;4;2;1;0;0;2;0;0;3;1;1;1;3;2;2;0;0;0;0;2;1;1;4;1;4;3;1;3;0;0;0;0;4;4;0;0;0;0;0;0;0;0;0;1;0;1;0;1;0;1;7;2;1;0;0;1;0;4;2;1;3;4;0;1;11;2;1;2;0;10;0;0;1;1;1;2;3;1;3;1;0;9;6;1;1;2;0;2;0;1;0;1;0;0;1;1;2;3;1;1;0;2;0;1;0;0;0;3;0;0;0;3;4;0;0;3;0;3;1;2;2;5;1;0;0;1;1;0;2;2;2;1;1;1;0;0;1;0;5;1;0;0;0;4;0;0;0;0;1;1;5;0;1;4;0;1;0;1;1;0;2;0;1;1;6;3;0;1;2;2;0;0;0;1;0;0;0;0;0;1;0;0;1;0;0;1;0;0;6;0;0;0;3;2;1;3;0;0;2;2;0;1;12;0;2;0;1;1;0;1;3;6;0;0;1;5;1;0;1;0;0;4;0;0;0;1;1;2;0;0;0;1;0;1;1;3;1;0;0;0;4;1;0;1;4;2;2;1;1;1;1;0;1;1;0;1;0;0;6;0;0;3;1;0;0;0;1;1;1;1;0;0;0;0;0;0;0;4;1;1;1;2;1;0;1;0;0;1;0;0;2;3;1;1;1;1;0;1;0;0;0;0;2;0;1;6;0;0;0;0;0;0;2;2;0;0;3;0;0;0;2;3;0;6;3;3;0;0;0;1;1;0;0;1;1;1;0;1;0;0;0;1;1;1;2;0;0;4;0;0;0;1;1;0;2;0;1;0;0;0;2;0;0;1;2;1;1;1;0;1;1;0;1;1;2;3;1;0;0;4;0;0;2;1;2;1;0;0;0;0;1;0;5;5;5;1;0;1;0;0;0;0;0;1;0;2;0;2;1;4;0;0;4;1;0;1;0;0;1;0;0;1;0;0;3;1;1;0;5;1;0;1;1;0;0;1;1;1;0;0;4;5;0;0;4;1;1;1;1;2;0;0;3;3;1;3;6;0;0;4;0;4;0;0;1;1;1;3;0;5;1;0;8;1;0;0;6;1;0;0;1;0;0;1;3;0;3;0;5;3;10;0;1;1;1;0;5;2;0;0
"Hobbit";0;0;1;1;1;2;1;0;0;1;0;0;0;1;11;0;1;0;1;1;1;1;0;0;0;1;0;0;4;0;2;1;2;0;0;3;1;0;2;2;1;1;0;1;0;0;0;0;1;2;0;0;4;0;1;0;1;1;1;0;1;1;2;0;3;0;2;0;0;1;1;0;0;2;3;1;1;1;0;1;1;1;1;3;1;2;2;0;0;0;1;1;0;0;0;0;0;0;0;2;0;1;0;1;0;0;3;1;3;2;0;0;3;18;0;0;0;3;1;0;1;2;3;0;1;0;2;0;2;0;0;0;0;1;4;1;0;4;4;1;0;0;0;1;0;0;1;1;0;0;0;1;2;0;13;0;0;1;0;2;1;0;0;2;1;2;0;0;0;0;0;0;10;0;1;2;0;1;2;0;1;0;0;0;2;1;3;1;3;1;0;0;2;0;0;2;1;1;0;1;0;1;1;7;4;2;1;0;1;1;2;0;0;1;1;0;1;0;3;3;3;0;0;0;1;1;1;0;0;1;0;2;1;2;4;4;1;6;1;1;0;0;0;0;0;0;0;0;1;0;6;4;0;0;2;2;1;0;3;2;2;0;1;0;1;0;2;0;0;0;0;1;2;1;0;1;0;1;1;0;0;1;0;2;0;1;0;3;0;0;0;0;0;0;0;2;0;1;0;0;0;1;0;0;1;0;0;0;0;0;3;5;0;5;1;1;1;1;2;1;0;1;1;1;6;2;0;0;0;0;0;1;2;0;1;1;1;3;0;0;2;1;0;0;0;0;0;1;0;3;0;1;2;0;1;3;1;1;13;2;0;1;1;1;1;0;3;2;1;1;1;4;1;0;0;0;0;0;0;1;0;0;0;3;1;3;8;0;1;0;1;0;0;0;1;1;3;0;1;2;0;0;2;0;2;1;0;0;2;3;1;0;1;0;2;1;10;2;2;0;4;0;1;1;1;1;0;1;1;1;0;2;1;0;0;0;1;0;3;1;1;0;0;3;1;0;4;2;0;0;0;1;0;3;1;0;2;1;2;1;1;0;2;1;0;3;2;1;1;0;2;0;1;0;0;1;0;2;0;1;0;0;3;0;7;0;0;1;3;0;0;0;0;0;1;4;0;1;2;0;1;0;1;0;1;3;7;2;0;0;2;0;0;1;3;3;2;1;1;1;3;0;3;0;0;0;1;3;0;2;1;0;3;1;3;0;0;0;0;0;1;3;0;4;2;2;5;3;0;1;1;3;4;1;0;1;1;2;1;1;3;1;2;1;2;0;2;0;2;1;0;0;0;0;0;0;1;2;0;0;0;0;6;2;2;3;1;2;0;3;0;0;3;2;1;1;4;0;6;0;1;1;3;0;0;1;2;0;2;2;6;4;1;1;2;0;0;1;0;0;0;0
"Jan_Pawel_II";1;0;0;0;0;0;0;1;0;0;2;3;0;0;1;2;0;0;0;1;0;0;3;0;0;0;0;0;1;0;1;0;0;1;0;0;0;0;0;0;0;0;0;0;0;0;0;0;0;0;0;1;1;2;3;1;0;0;0;1;0;0;1;0;1;0;0;0;0;0;0;0;0;0;0;0;0;0;0;0;0;1;0;0;0;0;0;0;0;0;0;2;1;2;0;2;0;1;1;0;0;0;0;0;0;0;1;0;0;3;0;0;2;0;0;1;0;0;0;1;6;0;6;0;0;0;0;0;0;0;0;0;1;0;0;0;2;0;0;0;0;0;1;1;1;0;1;0;0;0;13;5;0;1;0;0;1;0;0;0;0;0;0;3;0;0;0;0;0;0;0;1;0;0;1;0;0;0;0;0;0;5;0;1;0;0;1;0;2;1;0;2;0;1;1;0;0;0;0;0;0;1;0;0;1;1;0;1;0;0;1;0;0;0;0;0;0;2;0;0;0;1;1;0;4;0;0;0;0;2;0;1;0;0;0;0;0;0;0;0;0;0;1;1;0;0;0;0;0;0;0;0;0;1;0;0;1;0;0;1;4;1;1;11;0;0;1;0;0;3;0;1;3;1;2;0;0;1;0;0;0;0;0;0;0;0;0;0;1;0;1;0;5;1;0;1;0;0;2;2;2;0;7;0;0;5;0;0;0;0;0;0;0;0;1;0;1;0;0;0;0;1;1;0;0;0;3;1;1;0;7;1;0;1;9;3;0;0;1;1;2;0;0;0;0;6;0;1;0;0;1;0;0;4;0;0;0;0;0;0;0;0;3;0;0;1;0;0;0;0;0;0;2;2;1;0;1;5;0;0;0;1;0;1;0;0;0;0;0;0;0;0;0;0;0;0;1;0;0;0;3;0;0;0;0;0;0;0;0;2;0;0;0;0;1;7;0;0;0;0;0;0;0;0;0;1;2;2;0;0;1;0;0;0;0;0;0;1;0;0;0;0;0;0;0;0;1;2;0;1;0;1;2;0;1;1;3;5;1;2;0;0;1;0;0;0;0;1;1;0;0;0;1;1;3;0;0;0;0;0;1;2;3;0;0;0;3;0;0;1;0;0;2;0;1;0;0;0;0;0;2;2;2;1;0;0;0;0;0;1;0;0;0;0;0;1;0;3;4;0;3;0;4;0;0;0;1;1;1;0;0;0;0;1;2;0;4;0;0;0;1;3;0;0;4;0;0;0;0;0;1;1;0;0;5;0;0;0;5;2;0;0;0;0;0;1;0;0;0;0;0;0;0;2;0;0;0;0;0;0;0;0;0;1;0;0;0;0;0;0;1;0;0;3;0;4;0;0;0;0;0;0;0;1;0;1;0;1;0;0;22;0;0;1;0;0;0;0;0;3;1;0
"Jozef_Pilsudski";0;0;5;0;1;0;0;0;0;0;0;0;0;2;0;0;0;4;1;0;0;0;3;0;0;0;1;0;0;0;0;0;0;0;0;0;0;0;0;0;0;0;1;0;0;0;0;1;0;1;0;0;0;7;0;0;0;0;0;1;0;0;1;0;1;0;0;1;0;0;0;0;0;0;0;0;1;1;0;0;1;2;1;0;0;3;0;0;0;0;0;1;0;3;2;1;0;2;1;0;0;0;0;0;0;2;0;0;0;4;0;0;0;0;0;0;0;0;0;3;1;0;1;1;0;0;0;0;0;0;0;1;1;0;0;0;3;0;0;0;0;0;0;1;0;0;1;0;0;0;3;4;1;0;0;0;3;0;0;0;0;0;0;0;0;0;0;0;0;0;1;0;0;0;0;0;0;0;0;0;0;1;1;0;0;0;0;0;1;0;0;1;0;0;0;0;2;0;0;0;0;0;0;0;0;0;1;0;0;0;0;0;1;1;0;2;1;4;0;0;0;0;1;1;2;0;0;0;0;0;0;0;0;0;0;1;0;1;0;0;0;3;1;3;0;0;0;0;0;0;0;0;0;1;0;0;1;0;0;1;2;0;0;3;0;0;1;1;0;4;0;0;1;0;0;0;0;0;0;1;0;0;0;0;1;0;1;0;0;2;3;0;2;1;0;0;0;0;1;5;2;0;4;0;0;1;0;0;1;1;0;0;0;2;1;0;2;0;0;0;0;0;0;0;0;0;2;2;1;0;3;0;0;1;5;0;0;0;0;0;0;0;0;3;0;3;0;1;0;0;1;1;0;1;0;0;0;0;0;0;1;0;1;0;0;1;2;0;0;0;0;1;4;1;0;0;3;4;3;0;0;3;0;1;0;0;0;0;0;0;0;0;0;2;0;0;0;0;1;2;1;1;0;0;0;1;0;0;0;0;0;4;0;0;0;1;0;0;0;0;0;0;0;0;0;2;2;3;0;0;0;0;0;1;2;1;0;0;0;0;0;0;0;1;0;0;2;0;1;0;0;0;0;0;0;0;1;0;0;0;0;0;1;0;0;0;0;3;0;1;0;0;1;2;1;0;0;0;0;0;0;0;0;0;0;1;0;0;0;1;1;0;2;0;7;1;0;0;0;0;0;1;1;0;7;0;0;0;0;0;1;0;0;0;0;1;0;1;1;0;1;0;0;2;0;0;3;1;1;0;1;0;1;0;4;1;0;1;0;0;0;5;0;0;6;0;0;1;0;1;0;0;2;0;3;1;1;1;1;1;2;0;1;1;0;0;1;1;0;0;0;0;0;1;0;0;0;0;0;0;1;0;0;0;0;2;0;0;2;0;0;0;0;0;0;2;1;0;0;0;2;0;1;1;0;0;1;3;0;1;12;0;0;0;0;0;0;1;0;1;0;0
"Mikolaj_Kopernik";3;0;0;0;0;0;0;0;0;0;1;0;0;3;0;1;0;1;0;1;0;0;0;0;0;0;0;0;0;0;0;0;0;1;0;0;0;0;0;0;0;0;0;0;0;0;0;0;1;0;0;0;2;2;0;2;1;1;3;0;0;0;0;0;0;0;0;0;0;0;0;6;0;0;1;0;0;0;0;0;1;2;3;0;0;2;1;0;0;0;0;0;0;1;2;0;0;0;0;5;0;0;0;0;0;0;0;0;0;3;0;0;0;0;0;0;0;0;1;1;0;0;2;1;0;0;0;0;0;0;0;0;0;0;0;0;3;0;0;0;0;0;0;4;2;0;1;0;0;0;1;2;0;0;8;3;1;0;0;0;0;0;0;3;0;0;0;0;0;0;1;0;0;0;0;0;0;1;0;0;0;1;1;0;0;0;0;0;1;0;0;0;0;0;0;0;0;0;0;0;0;2;0;0;2;1;0;0;0;0;0;1;0;0;1;1;0;3;0;0;1;0;1;3;4;0;0;0;2;0;0;2;2;1;1;0;0;1;0;0;0;0;3;2;0;0;0;3;0;0;0;0;0;2;0;0;1;0;0;0;1;0;0;4;0;2;1;0;2;1;0;1;1;0;0;0;0;0;0;0;0;0;0;0;1;0;0;0;0;0;1;0;1;2;0;0;0;0;4;1;1;0;1;0;0;1;1;0;0;0;0;0;2;1;0;0;1;0;0;0;0;0;0;0;0;0;4;4;1;0;2;0;2;0;2;0;6;0;0;1;1;0;0;0;0;3;0;0;0;0;0;0;0;1;2;0;0;0;0;0;0;0;0;0;0;2;0;0;0;0;0;0;6;3;1;0;0;3;0;0;0;0;0;0;0;0;0;1;0;0;0;1;0;1;0;0;0;0;0;0;1;0;1;0;0;0;0;0;0;0;1;0;0;0;2;4;0;0;0;0;0;0;0;1;0;1;0;2;0;0;0;1;0;1;2;0;0;2;3;0;0;0;0;0;0;0;1;0;0;0;0;1;0;0;1;1;1;2;1;1;0;0;1;0;0;0;0;0;0;0;1;1;0;1;0;2;0;0;0;0;0;0;0;0;0;2;0;0;1;2;0;0;2;0;2;0;0;0;0;0;0;0;6;0;0;0;0;0;0;1;0;0;0;1;0;1;0;4;2;1;2;0;0;2;2;0;1;3;0;1;0;0;4;0;3;0;0;0;0;1;0;5;0;0;6;0;0;0;1;2;0;0;0;0;4;1;0;0;1;0;0;0;1;2;0;1;0;0;0;0;0;2;0;1;4;0;0;0;0;1;0;1;0;0;0;1;1;0;1;0;0;0;0;1;0;1;0;0;0;0;0;0;1;0;0;0;1;1;0;0;21;0;0;1;0;1;1;0;0;6;1;0
"Robert_Lewandowski";1;0;0;0;0;0;0;0;0;0;0;0;0;0;0;0;0;1;0;0;0;0;0;0;1;0;0;0;0;0;0;3;0;2;0;0;0;0;0;0;0;0;0;0;0;0;0;2;0;0;0;0;0;2;1;1;5;0;2;0;0;0;0;0;0;0;0;1;0;0;0;0;0;0;0;0;0;1;0;0;0;0;0;0;0;2;0;0;0;0;0;0;0;0;1;1;0;0;1;3;0;0;0;0;0;0;1;0;0;1;0;0;0;0;0;2;0;0;0;0;20;0;0;0;0;0;0;0;0;0;0;4;2;1;0;0;0;0;0;0;1;0;1;0;0;0;2;0;0;5;0;1;0;0;11;0;1;0;0;0;0;0;0;2;0;0;1;0;0;0;0;1;0;0;0;0;0;0;0;0;0;1;1;1;0;0;0;0;0;0;0;0;0;0;0;0;0;0;0;0;0;0;0;0;0;0;0;0;0;0;0;4;17;0;1;2;0;4;0;0;0;0;1;0;0;1;0;0;0;0;0;0;0;0;0;0;1;0;1;1;1;0;1;3;0;0;0;0;0;0;0;0;0;0;0;0;0;0;0;0;3;0;0;1;0;0;0;0;1;0;0;0;1;0;0;0;0;1;0;0;0;0;0;0;2;0;0;0;1;0;0;0;2;1;0;0;0;0;1;2;1;0;7;0;0;0;1;0;0;0;0;0;2;0;0;0;1;0;0;0;0;0;0;0;0;0;3;2;0;0;1;0;0;0;2;0;0;0;0;1;0;0;0;1;0;1;0;0;0;0;0;1;0;0;0;0;0;0;0;0;0;0;0;0;0;1;0;0;0;0;0;0;2;2;0;0;0;2;1;0;0;3;0;0;0;0;0;0;0;0;0;0;0;3;1;0;0;0;0;1;1;0;0;0;0;0;0;0;0;0;0;0;0;0;0;1;0;0;0;0;0;0;0;0;0;0;10;1;0;0;0;0;0;0;0;0;0;2;0;0;0;0;0;0;0;0;0;0;0;2;0;3;0;0;1;0;2;7;3;0;0;0;0;0;0;0;0;0;1;1;3;0;0;0;1;8;0;0;0;0;2;3;3;0;0;0;0;0;0;4;0;0;0;0;1;0;0;0;0;0;2;1;2;0;0;0;0;0;0;1;1;0;0;0;1;0;0;1;0;0;0;0;0;0;0;0;0;0;0;0;1;0;0;0;0;0;0;0;0;0;0;3;0;0;1;0;0;0;1;0;0;2;0;0;3;0;0;0;0;0;0;0;0;0;0;1;0;0;0;0;0;0;0;0;0;0;1;0;0;0;0;0;0;0;0;0;0;0;22;1;0;0;0;0;0;0;0;0;3;0;0;0;0;0;0;0;2;0;0;0;26;0;0;0;0;0;0;0;0;2;0;0
"Wiedzmin-01";1;3;0;0;0;0;0;0;0;0;0;0;1;0;1;0;0;0;1;0;0;0;0;0;0;0;0;2;2;0;1;0;0;0;2;0;0;0;1;0;0;0;0;0;0;0;2;0;0;0;0;0;0;0;0;0;0;0;1;0;0;4;0;1;0;0;0;1;0;0;1;0;0;1;2;0;0;0;0;1;0;0;2;0;0;0;0;1;0;0;2;0;0;0;0;0;0;1;1;0;1;0;1;0;0;0;0;0;0;0;0;0;0;4;0;0;0;0;0;0;1;0;0;0;0;0;2;1;0;0;1;0;0;0;2;0;0;0;0;0;0;0;0;0;2;1;1;1;2;0;0;1;0;0;3;1;4;0;4;0;0;0;0;0;0;0;0;0;0;0;1;0;4;1;0;0;0;0;0;0;5;0;0;0;0;0;0;9;0;1;0;0;0;0;0;0;1;0;1;0;0;0;0;0;1;0;0;0;0;0;0;0;1;0;0;0;1;0;1;0;1;0;0;0;1;0;1;1;0;1;0;2;0;0;7;0;0;4;1;0;0;0;0;2;0;5;0;0;0;0;0;0;0;0;0;0;0;0;0;0;1;1;1;0;1;0;0;0;0;1;0;0;0;1;0;2;0;0;0;0;1;0;0;2;0;0;0;8;0;0;0;0;1;0;1;0;1;3;0;0;0;0;0;0;0;0;0;0;0;1;0;0;0;1;0;0;0;1;0;0;1;0;0;0;0;3;1;0;0;0;0;1;2;0;0;0;2;4;0;2;2;0;0;0;0;0;0;0;1;0;0;0;0;0;0;1;1;0;0;0;1;2;2;0;2;2;2;0;0;0;0;0;0;0;0;0;1;0;0;0;1;0;0;2;0;0;0;1;0;0;0;0;1;0;0;0;0;1;0;0;2;0;0;3;0;0;0;0;0;0;0;0;0;0;0;0;1;0;0;0;1;0;2;1;1;0;0;5;0;1;0;0;2;0;0;0;0;0;5;0;0;0;0;0;0;0;0;0;0;0;0;0;0;0;0;2;0;1;2;0;0;0;1;1;2;2;4;0;1;3;1;0;0;1;0;0;0;0;0;0;2;1;5;1;0;0;0;1;2;0;0;0;0;1;0;0;0;0;1;1;1;0;0;0;0;0;0;0;0;0;0;0;0;1;0;0;3;1;0;0;3;0;1;1;0;2;0;0;0;0;0;0;0;0;0;1;0;0;0;1;0;0;1;0;0;2;0;0;0;2;2;0;1;2;0;0;0;0;0;0;0;0;1;0;0;0;1;0;0;3;1;0;0;0;0;1;0;0;0;2;0;0;0;1;0;0;0;1;0;0;0;0;0;0;0;0;0;2;0;0;0;0;4;0;1;3;0;1;3;0;0;0;0;0;0;0;0;1;0;0;0;0
"Wiedzmin-02";1;1;0;0;1;0;0;1;2;0;0;0;0;1;0;0;1;3;0;0;0;0;0;0;0;0;0;2;3;0;1;0;0;1;1;4;1;1;0;0;1;0;1;0;1;2;1;0;0;1;2;1;0;0;2;0;1;0;2;0;0;0;1;1;0;0;1;1;4;1;0;1;0;1;0;0;1;0;0;0;1;0;1;2;0;0;0;1;1;0;0;0;0;0;1;2;0;0;1;1;0;0;0;0;1;0;1;1;7;0;0;0;1;2;0;1;2;2;0;1;0;2;1;0;1;1;0;1;1;4;1;0;1;0;4;1;1;1;1;0;2;2;0;1;0;1;0;1;8;0;0;0;1;1;0;0;1;0;0;0;0;0;0;0;0;0;0;0;1;0;0;0;4;0;0;0;0;3;0;2;1;0;0;1;3;0;0;4;1;1;2;0;0;0;0;1;1;0;1;2;0;0;0;3;1;2;0;0;0;0;4;2;0;2;0;0;1;0;1;0;1;0;0;0;2;0;1;0;1;0;0;0;0;1;0;0;0;0;5;0;3;0;0;0;5;4;0;1;0;5;0;0;0;0;0;0;0;2;0;1;0;0;2;0;0;0;0;0;0;0;0;2;0;0;0;1;0;0;1;0;4;0;0;0;0;2;0;1;0;2;2;0;0;0;0;0;0;1;0;0;0;0;0;1;0;0;0;0;0;1;0;0;3;0;0;0;0;0;0;0;1;0;1;2;10;1;0;0;0;0;0;0;0;1;0;1;0;1;1;1;0;0;1;0;1;0;2;1;0;0;1;0;0;3;0;1;0;0;1;1;0;0;0;0;4;3;2;1;0;0;0;0;0;0;0;0;3;0;1;3;0;1;1;4;0;0;8;2;0;0;0;0;0;0;1;0;0;0;1;6;0;0;0;2;0;1;0;2;0;2;0;0;1;1;0;0;9;0;0;0;1;3;1;2;0;0;0;0;3;0;1;1;0;0;1;0;0;0;0;0;0;1;0;0;1;0;8;0;0;2;0;0;0;0;0;1;0;0;0;0;0;0;2;0;0;1;2;0;1;1;2;1;2;0;0;1;1;0;1;0;0;0;15;1;0;0;0;0;0;0;1;0;0;2;0;0;1;5;2;0;0;2;0;0;1;3;1;0;0;0;0;3;0;1;5;2;1;0;0;0;0;0;0;0;0;0;0;0;0;1;0;2;0;2;0;0;0;0;0;4;1;0;1;0;0;0;1;0;1;0;0;0;0;1;0;1;0;2;0;0;0;0;4;0;1;3;1;0;0;0;0;0;1;0;0;0;0;3;0;1;1;1;0;1;0;0;0;1;0;0;0;0;0;1;0;1;0;0;1;1;1;0;0;0;1;0;0;0;1;1;0;1;0;0;2;1;0;1;2;0;0;1
"Wiedzmin-03";4;1;1;0;0;0;1;2;1;1;4;1;0;0;0;1;1;1;0;1;0;0;1;0;0;1;0;3;2;0;0;0;0;0;1;2;1;0;1;0;0;1;0;0;0;0;0;0;3;0;0;0;0;0;4;0;0;0;2;0;0;1;2;4;0;3;0;0;1;0;0;0;0;2;1;0;0;2;1;0;0;0;0;1;0;0;1;0;0;2;0;1;0;2;1;1;0;0;0;1;2;0;2;0;0;1;1;0;5;0;1;0;1;0;1;0;0;0;0;0;0;1;1;0;0;0;1;2;3;0;2;0;0;0;0;3;0;0;1;0;4;1;0;1;0;1;0;0;0;1;0;0;5;1;3;0;0;1;3;0;0;3;4;0;0;0;1;1;0;1;0;1;1;1;0;12;2;1;0;5;4;0;0;0;2;0;5;1;1;0;1;0;0;0;0;0;0;0;0;0;0;0;0;0;0;0;1;3;0;0;2;0;1;0;0;0;0;0;0;0;0;0;1;0;0;3;3;1;2;0;0;0;0;2;1;0;1;2;1;0;3;0;0;1;2;1;1;0;0;5;1;0;0;0;0;0;0;7;0;0;0;0;0;0;0;0;0;0;0;0;1;2;0;0;0;1;0;0;0;5;0;0;0;1;2;0;0;0;0;0;0;0;0;0;0;0;0;0;2;0;1;0;2;1;1;0;0;0;1;0;1;0;2;2;1;3;0;0;1;1;0;0;1;2;4;0;0;0;0;0;2;0;0;0;0;0;0;3;0;0;0;0;1;0;0;0;1;0;0;2;1;0;1;0;1;1;0;0;1;0;0;1;1;0;4;0;1;1;0;0;1;0;0;2;0;3;0;0;1;0;0;0;4;4;0;0;0;0;2;0;0;1;0;1;0;1;1;0;0;0;0;0;0;2;0;0;0;2;1;1;0;0;0;1;0;0;0;0;1;0;0;0;1;2;0;0;1;0;0;1;0;0;0;0;0;0;1;0;0;0;1;1;2;1;0;0;0;0;4;7;0;1;0;0;0;2;0;0;0;0;0;0;0;0;1;1;0;0;2;3;3;0;0;0;0;1;2;1;0;3;0;0;0;1;1;0;0;1;1;0;0;3;0;1;0;0;0;0;2;1;1;1;0;0;0;0;0;0;2;0;0;1;1;0;6;0;7;0;0;1;3;1;0;0;0;2;0;0;0;0;2;2;1;4;4;1;0;1;0;0;0;2;1;0;0;1;3;0;0;0;0;0;0;1;0;0;2;0;0;2;0;0;0;1;2;0;2;0;0;0;0;1;1;0;0;1;1;1;1;1;1;0;1;2;2;0;1;0;0;0;0;5;0;0;2;2;0;1;1;2;0;0;1;1;0;1;1;2;0;2;0;0;2;2;0;0;1;2;0;4;1;1
"Wiedzmin-04";4;0;0;0;1;0;1;0;0;0;2;1;1;0;0;0;0;0;3;0;1;0;1;0;0;0;0;0;0;0;2;0;0;0;2;0;0;0;1;0;0;0;0;0;0;1;1;1;0;0;0;0;0;0;0;0;2;0;0;1;1;0;0;1;1;0;2;1;0;0;2;0;0;1;0;0;0;0;0;1;0;0;2;0;1;1;0;4;0;2;0;1;0;2;3;0;0;0;0;0;2;0;2;0;0;0;0;0;0;0;0;0;1;0;0;0;1;0;0;0;0;1;0;0;0;0;2;1;0;0;0;1;0;0;0;0;0;0;1;0;3;0;3;1;6;0;0;0;7;0;0;3;1;1;0;0;0;1;0;0;0;0;2;0;0;0;1;0;0;0;1;0;0;1;0;0;0;0;0;0;0;0;0;0;0;0;0;0;0;2;0;0;0;0;0;0;1;0;0;0;0;1;0;1;0;0;0;1;0;0;6;0;0;0;0;0;0;0;0;0;2;0;0;0;0;0;0;0;0;1;2;0;1;0;1;0;0;4;0;0;0;0;0;1;0;0;0;0;0;3;0;0;0;0;0;0;0;0;0;0;0;0;4;1;0;0;0;2;0;0;0;3;0;0;0;0;0;0;0;1;2;0;0;0;0;0;0;1;0;0;0;1;0;1;1;0;0;2;0;0;0;0;0;0;0;0;0;0;0;0;0;0;0;1;0;0;0;0;0;0;0;0;5;0;0;1;2;0;1;0;0;0;0;0;1;0;0;0;1;0;0;0;0;0;0;0;0;0;0;0;0;0;0;0;0;1;0;0;1;0;0;0;0;0;0;0;0;0;0;0;1;0;0;0;0;3;0;0;0;0;1;0;1;1;0;2;0;0;0;0;0;0;0;0;0;0;0;1;1;0;0;0;0;0;0;0;0;0;0;0;0;0;0;0;0;0;0;0;0;0;0;0;0;1;1;0;0;0;0;0;0;0;2;0;0;0;0;0;0;0;1;0;0;0;1;0;1;1;0;0;0;0;0;0;0;0;0;0;0;0;2;0;0;0;0;0;1;1;1;0;1;1;0;0;0;0;0;1;1;0;0;0;2;0;0;2;0;0;0;0;0;0;0;0;0;0;0;0;0;1;0;0;0;1;2;0;1;0;0;0;0;1;1;0;1;0;0;0;0;0;3;1;0;1;1;1;0;0;0;0;0;0;0;1;1;0;0;0;0;0;0;0;0;0;0;1;0;0;0;1;0;0;0;0;0;0;0;0;0;0;1;0;0;0;0;0;0;0;1;0;0;0;0;0;4;0;0;2;0;0;0;0;0;1;0;2;3;0;0;0;1;2;0;0;0;0;0;0;0;0;1;0;0;1;0;0;0;0;9;0;0;0;0;0;0;1;0;3;1;1;0;0
"Wladca_pierscien_Powrot_Krola";0;0;1;1;2;0;2;0;0;0;1;0;1;4;0;0;4;1;1;0;0;0;1;1;3;0;3;3;3;0;4;1;0;0;0;4;3;1;0;0;0;2;3;0;0;0;1;0;1;3;0;0;1;0;0;0;0;1;1;1;0;2;1;1;0;0;0;2;0;0;1;3;1;6;3;0;0;1;0;0;4;5;2;1;0;1;0;4;0;2;2;0;0;6;0;2;1;0;0;0;0;1;3;0;0;1;3;1;0;0;1;0;1;2;0;0;0;0;0;0;1;1;1;0;1;0;0;0;0;0;0;1;0;0;0;0;0;0;0;0;4;0;0;2;0;0;0;2;0;0;0;6;0;1;0;0;0;0;0;4;0;1;0;0;0;1;0;1;0;0;0;2;6;5;0;2;0;1;0;5;0;2;0;0;0;0;2;0;0;2;0;0;0;1;2;1;3;0;2;0;1;0;1;0;7;0;1;0;1;1;1;0;1;1;0;0;0;1;1;1;0;0;0;1;2;0;1;0;0;1;0;3;0;1;9;3;0;4;0;1;0;0;1;4;3;1;1;2;1;1;2;13;1;1;1;4;1;1;3;0;3;0;3;2;0;1;2;0;0;1;1;0;0;0;1;0;3;0;1;3;7;0;2;0;1;1;1;1;0;0;1;0;0;1;1;1;1;0;0;3;0;0;0;0;0;2;0;3;1;1;0;1;0;0;2;0;0;1;1;1;0;0;2;0;8;0;0;0;1;0;0;0;0;1;0;1;0;3;1;1;0;0;3;1;1;0;2;0;1;0;0;1;1;0;1;2;0;0;0;0;1;0;2;0;0;2;1;2;4;1;1;0;1;3;0;3;1;0;0;2;0;0;0;0;0;1;10;2;0;2;0;0;2;1;1;0;0;3;3;1;0;1;0;0;2;0;0;0;0;0;1;0;2;1;0;0;0;0;0;1;0;1;1;0;1;3;0;0;7;0;0;2;1;2;0;2;2;2;10;0;0;1;0;0;0;1;2;0;0;0;1;2;0;1;1;1;2;0;0;3;0;0;0;2;0;0;0;0;0;0;2;4;0;0;0;0;1;0;3;0;2;0;1;1;3;0;1;0;0;0;0;0;0;0;0;2;1;1;0;0;0;2;0;1;2;2;3;3;2;0;0;2;0;1;6;13;2;0;1;2;0;1;2;6;0;0;1;3;0;0;1;0;1;5;0;1;0;0;1;1;0;0;2;2;3;0;3;0;0;1;4;1;1;1;3;1;0;0;2;1;2;2;2;1;0;0;0;1;1;1;1;0;1;0;0;2;0;1;1;4;0;0;5;1;0;0;0;0;0;0;1;0;1;0;0;1;1;0;0;0;0;1;1;0;1;0;1;0;0;4;2;1;1;0;2;2;0;1;4;1;0;0
"Wladca_pierscieni_Druzyna_Pierscienia";0;0;1;0;1;0;2;1;1;0;0;0;0;1;2;0;0;0;0;0;1;1;0;0;0;0;2;1;2;0;0;3;1;0;0;0;0;4;0;0;0;1;0;0;0;0;1;0;0;0;0;6;3;1;0;1;1;0;1;1;0;3;0;0;4;0;0;1;0;1;1;0;0;1;0;1;0;2;0;0;0;4;0;1;1;0;1;1;0;0;0;0;1;0;0;1;1;1;0;1;2;1;2;0;0;3;0;0;4;1;0;1;0;4;0;0;0;0;1;0;7;0;3;1;1;1;0;1;2;0;0;0;4;0;0;0;2;0;0;0;2;0;0;1;0;0;0;1;0;0;0;5;0;0;9;1;0;0;1;1;1;0;0;1;0;0;0;0;0;0;5;3;0;2;0;0;0;3;4;2;0;0;0;0;0;1;1;3;2;1;0;1;1;0;0;0;0;0;0;0;1;0;1;0;2;2;0;2;0;3;0;2;1;0;1;2;0;0;1;1;0;1;2;2;6;0;0;1;0;0;0;1;5;5;0;2;0;0;0;0;3;0;0;1;1;0;0;0;0;0;2;0;0;0;1;2;0;0;0;0;0;0;1;0;0;2;1;3;0;2;1;0;1;0;0;0;5;0;0;0;0;1;0;0;1;1;1;1;1;2;0;0;1;1;0;0;1;0;3;1;1;0;5;0;0;1;0;1;0;0;2;2;0;2;0;0;0;1;1;0;0;3;0;0;3;0;0;1;2;0;3;0;0;0;2;1;4;9;6;1;0;0;0;1;1;1;0;0;1;1;0;1;0;1;0;1;1;0;0;0;0;0;1;0;0;4;1;0;0;0;2;5;4;0;0;1;0;1;1;0;0;1;1;1;2;0;0;1;1;1;1;0;0;0;0;0;1;0;0;1;0;0;0;1;2;0;0;0;1;4;0;1;2;0;0;0;2;0;0;0;1;0;0;0;1;1;1;4;0;0;0;1;1;0;0;0;1;0;5;0;1;1;0;0;0;1;0;1;2;1;0;1;1;3;2;3;4;0;4;0;1;2;1;1;0;1;0;0;0;2;0;4;0;2;2;0;0;0;0;0;1;3;2;1;1;2;0;0;0;3;0;0;1;0;0;0;0;0;0;0;3;1;1;0;1;0;0;3;0;1;0;2;0;0;0;4;1;3;0;0;6;1;2;0;2;0;0;0;0;0;6;0;0;2;3;0;0;1;0;2;0;1;1;1;1;2;1;1;1;3;3;3;2;1;2;0;0;0;2;1;2;0;0;0;1;1;2;1;0;2;1;2;0;0;0;0;0;0;0;0;2;0;0;1;1;1;0;2;1;1;3;0;2;1;0;0;0;0;1;2;1;0;2;3;0;1;7;0;0;0;5;0;1;2;1;2;1;0;1;0;2;2
"Wladca_pierscieni_Dwie_Wieze";0;0;0;0;0;0;3;3;0;1;1;0;0;2;14;0;0;2;2;1;1;1;1;0;0;1;0;6;3;3;0;0;0;1;0;2;0;1;4;3;0;1;0;0;2;0;5;0;1;1;0;1;2;0;2;0;0;0;0;0;0;1;2;0;2;2;0;0;1;1;0;0;2;0;0;1;0;1;4;1;0;0;1;1;2;2;1;2;0;3;0;1;1;1;1;2;2;0;0;0;7;1;0;1;1;0;9;1;1;1;0;1;0;14;0;1;0;0;2;0;0;0;0;0;2;1;3;1;0;0;1;0;0;0;1;2;2;5;0;1;6;0;1;2;0;0;0;0;2;1;0;1;0;0;18;1;1;0;2;6;0;3;1;1;0;1;0;2;1;1;0;0;4;2;1;2;0;0;1;2;2;0;1;1;0;0;1;7;4;1;3;0;1;1;0;1;1;2;1;0;2;1;1;31;4;0;1;0;0;7;7;1;0;0;0;0;1;0;0;1;1;0;0;0;0;1;1;0;5;1;1;0;0;2;2;4;1;4;4;0;0;1;1;3;1;0;1;2;2;1;0;10;2;0;0;3;0;2;0;4;0;1;0;0;0;0;2;0;0;0;0;0;0;2;0;0;0;0;0;0;0;0;3;2;0;0;0;2;1;0;0;0;0;0;0;1;1;2;0;0;0;0;1;1;0;0;2;1;1;2;3;2;1;0;4;0;0;2;1;0;0;0;0;0;7;2;0;0;0;1;0;0;0;0;0;0;0;1;0;0;0;1;0;1;0;0;1;1;1;0;3;0;0;0;1;2;1;0;0;2;2;1;1;1;2;0;2;1;0;1;1;1;0;0;0;0;0;1;0;2;7;0;0;0;0;0;21;3;1;0;0;1;1;2;1;1;1;2;0;4;0;0;4;0;0;1;0;3;0;0;1;0;2;0;5;0;0;1;5;1;1;2;1;0;0;0;1;0;0;0;0;2;0;0;0;1;1;0;3;1;1;2;1;0;0;1;4;0;1;0;3;0;0;2;1;1;1;0;1;0;0;0;1;0;1;0;3;1;0;0;0;0;0;1;0;2;0;0;0;0;0;0;0;2;9;4;0;0;1;0;2;0;0;0;1;0;0;0;1;1;0;0;0;3;4;4;0;1;4;0;2;0;1;1;3;1;6;1;0;0;2;0;4;0;5;0;0;1;0;0;3;0;1;1;0;1;1;2;2;0;0;0;0;2;2;2;3;3;0;0;6;3;0;1;0;1;0;0;0;0;2;0;2;0;2;0;0;0;1;1;0;3;0;0;2;3;0;1;1;0;3;0;4;1;1;0;0;0;3;4;0;2;0;0;0;5;0;1;1;2;0;1;1;1;0;1;3;0;2;2;5;0;1;0;0;0;1;1;0;1;0;1
