"";"chlopi-czesc-czwarta-lato";"chlopi-czesc-czwarta-zima";"chlopi-czesc-pierwsza-jesien";"chlopi-czesc-trzecia-wiosna";"George R.R. Martin 01 - Gra o tron";"George R.R. Martin 03 - Nawalnica mieczy 01 - Stal i snieg";"George R.R. Martin 04 - Nawalnica mieczy 02 - Krew i zloto";"George R.R. Martin 05 - Uczta dla wron 01 - Cienie smierci";"Hobbit";"Jan_Pawel_II";"Jozef_Pilsudski";"Mikolaj_Kopernik";"Robert_Lewandowski";"Wiedzmin-01";"Wiedzmin-02";"Wiedzmin-03";"Wiedzmin-04";"Wladca_pierscien_Powrot_Krola";"Wladca_pierscieni_Druzyna_Pierscienia";"Wladca_pierscieni_Dwie_Wieze"
"andrzej";0;0;0;0;0;0;0;0;0;1;0;3;1;1;1;4;4;0;0;0
"ano";5;1;2;6;0;0;0;0;0;0;0;0;0;3;1;1;0;0;0;0
"armia";0;0;0;0;0;2;0;0;1;0;5;0;0;0;0;1;0;1;1;0
"bać";0;0;0;0;3;1;2;1;1;0;0;0;0;0;0;0;0;1;0;0
"bardziej";0;0;0;0;2;2;2;0;1;0;1;0;0;0;1;0;1;2;1;0
"będę";0;1;0;0;1;2;1;2;2;0;0;0;0;0;0;0;0;0;0;0
"bezpieczny";0;0;0;0;1;1;2;1;1;0;0;0;0;0;0;1;1;2;2;3
"biały";1;2;0;0;1;0;1;6;0;1;0;0;0;0;1;2;0;0;1;3
"blady";0;1;2;1;1;0;0;0;0;0;0;0;0;0;2;1;0;0;1;0
"blask";1;0;0;0;7;0;1;0;1;0;0;0;0;0;0;1;0;0;0;1
"bliski";0;0;0;1;0;0;1;0;0;2;0;1;0;0;0;4;2;1;0;1
"bóg";2;3;8;3;2;0;0;0;0;3;0;0;0;0;0;1;1;0;0;0
"bok";0;0;1;1;4;2;2;0;0;0;0;0;0;1;0;0;1;1;0;0
"brać";0;1;1;3;0;2;2;3;1;0;2;3;0;0;1;0;0;4;1;2
"brama";0;0;0;0;0;1;0;0;11;1;0;0;0;1;0;0;0;0;2;14
"brata";0;0;0;0;0;2;1;3;0;2;0;1;0;0;0;1;0;0;0;0
"broń";0;0;0;0;5;0;2;1;1;0;0;0;0;0;1;1;0;4;0;0
"bronić";0;0;0;1;0;0;1;2;0;0;4;1;1;0;3;1;0;1;0;2
"brzeg";0;1;0;0;0;3;0;0;1;0;1;0;0;1;0;0;3;1;0;2
"brzmieć";0;0;1;0;0;1;0;1;1;1;0;1;0;0;0;1;0;0;0;1
"bujny";1;0;0;2;0;0;0;0;1;0;0;0;0;0;0;0;1;0;1;1
"być";0;0;0;1;1;2;0;1;1;0;0;0;0;0;0;0;0;0;1;1
"cel";0;0;0;0;0;0;0;0;0;3;3;0;0;0;0;1;1;1;0;1
"chłopak";0;4;5;2;1;1;5;5;0;0;0;0;0;0;0;0;0;1;0;0
"chłopiec";0;0;0;1;1;1;1;0;0;0;0;0;1;0;0;0;0;3;0;0
"chmura";0;6;1;1;0;0;1;0;1;0;0;0;0;0;0;1;0;0;0;1
"chociaż";3;0;1;1;0;0;0;0;0;0;1;0;0;0;0;0;0;3;2;0
"chodzić";3;0;7;0;4;6;3;0;0;0;0;0;0;2;2;3;0;3;1;6
"chwila";1;0;1;2;4;0;2;1;4;1;0;0;0;2;3;2;0;3;2;3
"chwilę";2;0;2;1;4;2;0;3;0;0;0;0;0;0;0;0;0;0;0;3
"chyba";0;1;0;0;0;1;3;4;2;1;0;0;0;1;1;0;2;4;0;0
"ciąg";1;1;0;0;1;0;0;0;1;0;0;0;3;0;0;0;0;1;3;0
"ciągnąć";0;0;4;4;0;1;0;1;2;0;0;0;0;0;0;0;0;0;1;0
"ciało";0;0;0;0;5;0;0;0;0;1;0;1;2;0;1;0;0;0;0;1
"cichy";4;6;2;0;2;2;1;1;0;0;0;0;0;2;1;1;2;0;0;0
"cię";1;0;1;0;4;8;1;4;3;0;0;0;0;0;4;2;0;4;0;2
"ciebie";0;0;0;0;2;0;2;2;1;0;0;0;0;0;1;1;0;3;0;0
"ciemność";0;1;0;0;6;0;0;0;0;0;0;0;0;0;1;0;0;1;4;1
"ciemny";0;0;0;0;3;0;0;1;2;0;0;0;0;1;0;1;1;0;0;4
"cień";0;1;1;0;4;0;0;1;2;0;0;0;0;0;0;0;0;0;0;3
"ciepło";1;1;1;0;1;0;2;0;1;0;0;0;0;0;1;0;0;0;0;0
"cieszyć";0;0;0;0;0;1;1;1;1;0;0;0;0;0;0;1;0;2;1;1
"ciężki";5;2;5;9;3;0;0;0;0;0;1;0;0;0;1;0;0;3;0;0
"cisza";0;1;2;0;1;0;1;1;1;0;0;0;0;0;0;0;0;0;0;0
"cóż";0;1;1;0;1;0;2;1;0;0;0;0;0;0;1;0;0;0;0;2
"czarne";0;2;1;4;3;1;1;1;0;0;0;0;0;0;2;0;1;0;0;0
"czarny";0;2;1;0;12;2;1;8;0;0;0;0;0;2;1;0;1;1;1;5
"czasem";0;1;2;0;0;3;0;0;0;0;1;0;2;0;0;0;1;0;0;0
"czego";2;0;0;1;2;2;2;0;1;0;0;1;0;0;0;3;0;1;0;1
"czekać";1;0;0;1;2;0;3;1;2;0;1;0;0;0;1;0;0;3;0;1
"czerwone";0;1;1;2;2;3;0;0;0;0;0;0;0;0;2;0;0;0;0;0
"czerwony";0;0;2;0;0;2;8;1;0;1;0;0;0;0;1;0;0;0;6;1
"część";1;1;1;1;0;0;0;1;4;1;0;2;0;0;0;0;0;1;3;2
"członek";0;0;0;0;0;1;0;3;0;2;7;2;2;0;0;0;0;0;1;0
"człowiek";1;1;1;1;2;2;0;1;1;3;0;0;1;0;2;4;0;0;0;2
"czterech";1;0;0;0;3;0;3;0;0;1;0;2;1;0;0;0;0;0;1;0
"cztery";0;0;0;0;0;1;1;0;1;0;0;1;5;0;1;0;2;0;1;0
"czuć";0;1;0;4;7;0;0;0;1;0;0;1;0;0;0;0;0;1;0;0
"czym";1;0;0;0;1;0;3;2;1;0;0;3;2;1;2;2;0;1;1;0
"czyn";0;0;0;0;0;0;0;1;0;1;1;0;0;0;0;0;1;1;1;0
"dach";1;3;2;2;0;0;1;1;1;0;0;0;0;0;0;0;1;0;0;0
"dalej";0;0;2;0;1;1;0;1;1;0;0;0;0;4;0;1;0;2;3;1
"daleki";3;0;2;2;0;0;0;1;2;1;1;0;0;0;1;2;0;1;0;2
"dawać";1;1;2;0;0;0;1;0;0;0;0;0;0;1;1;4;1;1;0;0
"dawny";1;0;0;1;2;0;0;0;3;1;1;0;0;0;0;0;1;0;4;2
"deszcz";1;0;0;1;1;2;0;0;0;0;0;0;0;0;0;3;0;0;0;2
"dlaczego";0;0;0;0;2;1;1;3;2;0;0;0;0;0;1;0;2;0;0;0
"dlatego";0;0;0;0;0;2;0;0;0;0;1;0;1;1;1;0;1;2;1;0
"dłoń";0;1;0;2;7;2;3;0;0;0;0;0;0;0;4;1;0;0;0;1
"dna";0;7;1;0;0;1;0;0;1;0;0;0;0;0;1;0;0;0;1;1
"dnia";0;1;0;1;0;4;2;2;1;0;0;0;0;1;0;0;2;1;1;0
"dobra";0;0;0;0;0;1;1;1;0;0;0;6;0;0;1;0;0;3;0;0
"dobre";1;2;2;2;0;1;0;0;0;0;0;0;0;0;0;0;0;1;0;2
"dobry";2;2;1;1;0;0;4;3;2;0;0;0;0;1;1;2;1;6;1;0
"dobrze";3;1;5;3;1;0;0;6;3;0;0;1;0;2;0;1;0;3;0;0
"dochodzić";0;0;1;1;2;0;0;0;1;0;0;0;0;0;0;0;0;0;1;1
"dodać";1;0;1;0;1;3;2;3;1;0;1;0;0;0;1;0;0;0;0;0
"dojść";0;0;1;0;0;0;1;0;1;0;1;0;1;0;0;2;0;1;2;1
"dół";0;0;1;0;3;2;2;0;0;0;0;0;0;0;0;1;0;0;0;4
"dola";1;0;0;3;0;0;0;0;1;0;0;0;0;1;0;0;1;0;0;1
"dom";3;0;0;0;0;0;0;0;1;0;1;1;0;0;1;0;0;4;0;0
"domu";0;1;2;0;0;1;0;0;1;1;2;2;0;0;0;0;0;5;4;0
"dopiero";2;1;2;1;0;1;2;0;1;0;1;3;0;2;1;0;2;2;0;1
"dość";0;0;0;0;0;1;0;0;3;0;0;0;0;0;2;1;0;1;1;1
"dostrzec";0;1;0;0;4;0;0;0;1;0;0;0;0;0;0;0;1;0;1;2
"dotrzeć";0;0;0;0;2;2;0;0;2;0;3;2;2;0;0;0;1;1;0;2
"dowiedzieć";0;0;0;0;0;2;0;0;2;0;0;1;0;0;0;1;0;0;1;1
"drogi";3;5;6;3;0;0;0;0;0;0;0;0;0;1;1;0;4;4;1;2
"drżeć";0;1;1;2;3;1;1;1;0;0;0;0;0;0;1;0;0;0;0;0
"drzewo";1;6;2;10;13;3;0;0;0;0;0;0;0;0;0;2;2;2;0;3
"drzwi";3;4;0;0;0;0;1;0;1;0;0;0;0;2;0;0;0;2;0;0
"duch";0;0;0;0;0;0;0;1;1;2;1;0;0;0;0;1;1;0;0;1
"dusza";2;2;0;6;0;0;0;0;0;1;0;0;0;0;0;0;0;0;1;1
"duży";0;1;2;1;0;0;1;2;0;2;3;1;0;0;0;2;2;6;0;1
"dwie";1;1;1;0;1;1;3;0;0;0;2;2;1;0;1;1;3;0;0;1
"dwóch";0;0;0;0;1;2;2;0;0;2;1;0;1;0;2;1;0;2;1;2
"dym";1;1;1;3;0;1;0;0;0;0;0;0;0;0;0;0;0;1;1;2
"dzieci";6;1;2;1;1;3;0;0;0;1;2;0;0;1;0;0;0;0;1;0
"dziecko";0;0;1;0;0;0;3;0;0;1;1;0;1;1;1;0;0;0;0;0
"dzięki";0;0;0;0;0;0;0;1;2;0;0;5;3;0;1;1;0;0;1;0
"dziki";0;2;0;1;2;0;0;2;0;0;0;0;0;1;0;2;2;0;2;7
"dziś";0;0;0;0;0;0;1;3;1;0;0;0;0;0;0;0;0;1;1;1
"dziwny";2;0;0;1;1;1;1;1;0;0;0;0;0;1;0;2;2;3;2;0
"gardło";1;0;0;0;2;1;1;0;1;0;0;0;0;0;0;0;0;0;0;1
"gdzieś";0;0;2;1;1;0;1;0;0;0;0;0;0;0;1;0;0;0;0;1
"głęboki";2;2;1;0;1;0;0;0;0;0;2;0;0;0;0;1;0;1;3;0
"głos";1;4;2;4;10;4;0;4;3;1;0;0;1;0;1;1;0;3;0;9
"głośno";0;0;0;0;1;0;0;2;1;0;0;0;0;0;1;0;0;1;0;1
"głowa";4;2;8;1;6;2;8;11;3;0;0;0;0;0;7;5;0;0;4;1
"główny";0;1;0;0;0;0;0;0;2;3;4;3;1;0;0;0;0;0;1;1
"głupi";2;1;3;0;0;1;3;1;0;0;0;0;0;0;0;1;0;1;0;0
"godny";0;0;0;1;0;1;2;2;0;0;0;0;0;0;0;0;0;0;1;1
"godzina";2;1;0;3;0;0;0;0;3;2;0;0;0;0;1;1;1;1;0;0
"góra";2;4;0;2;3;5;1;1;18;0;0;0;0;4;2;0;0;2;4;14
"gorący";1;0;0;0;1;6;1;1;0;0;0;0;0;0;0;1;0;0;0;0
"grać";0;0;1;2;0;4;0;0;0;1;0;0;2;0;1;0;0;0;0;1
"grosz";1;1;2;1;0;0;0;0;0;0;0;0;0;0;2;0;1;0;0;0
"gruby";0;2;0;1;3;1;2;0;3;0;0;0;0;0;2;0;0;0;0;0
"gwiazda";0;1;0;1;1;0;1;0;1;0;0;1;0;0;0;0;0;0;1;2
"herb";0;0;0;0;0;0;3;1;0;1;3;1;0;0;1;0;0;0;0;0
"historia";0;0;0;0;0;0;2;0;1;6;1;0;20;1;0;0;0;1;7;0
"ile";0;1;0;0;0;0;0;1;2;0;0;0;0;0;2;1;1;1;0;0
"imię";0;0;0;0;0;4;1;4;3;6;1;2;0;0;1;1;0;1;3;0
"inaczej";0;0;0;0;1;0;1;2;0;0;1;1;0;0;0;0;0;0;1;0
"jaka";1;1;2;1;0;0;0;1;1;0;0;0;0;0;1;0;0;1;1;2
"jakaś";1;0;2;0;0;0;1;0;0;0;0;0;0;0;1;0;0;0;1;1
"jakby";6;19;5;4;4;2;4;0;2;0;0;0;0;2;0;1;2;0;0;3
"jaki";3;0;1;3;7;3;1;2;0;0;0;0;0;1;1;2;1;0;1;1
"jakiś";1;0;0;1;1;2;3;0;2;0;0;0;0;0;1;3;0;0;2;0
"jakże";1;2;5;2;0;1;0;0;0;0;0;0;0;0;4;0;0;0;0;0
"jednać";2;1;0;0;0;0;0;3;0;0;0;0;0;1;1;2;0;0;0;1
"jednego";0;1;0;0;0;0;0;1;0;0;1;0;4;0;0;0;1;1;0;0
"jedyny";1;0;0;1;0;2;0;1;0;1;1;0;2;0;1;0;0;0;4;0
"jesienny";1;2;4;0;0;0;1;1;1;0;0;0;1;0;0;0;0;0;0;0
"jestem";0;0;0;0;0;2;1;3;4;0;0;0;0;2;4;0;0;0;0;1
"jesteś";0;0;0;0;1;3;0;2;1;0;0;0;0;0;1;3;0;0;0;2
"język";0;0;1;0;1;1;0;2;0;2;3;3;0;0;1;0;0;0;2;2
"kamień";0;0;4;3;2;0;0;0;4;0;0;0;0;0;1;0;0;0;0;5
"kark";0;0;2;0;0;0;1;0;4;0;0;0;0;0;1;1;1;0;0;0
"kąt";1;0;3;1;1;0;0;0;1;0;0;0;0;0;0;0;0;0;0;1
"każdy";2;0;5;7;2;2;3;0;0;0;0;0;1;0;2;4;3;4;2;6
"kiedyś";0;0;0;0;2;1;3;2;0;0;0;0;0;0;2;1;0;0;0;0
"kierunek";0;0;0;0;0;1;0;1;0;1;0;0;1;0;0;0;3;0;0;1
"kilka";0;0;0;1;0;1;1;1;1;1;1;4;0;0;1;1;1;2;1;2
"kobieta";3;2;5;1;2;6;4;4;0;1;0;2;0;2;0;0;6;0;0;0
"kolano";0;0;2;1;1;1;0;1;0;0;0;0;0;1;1;1;0;0;0;0
"kolejny";0;0;0;0;2;0;1;4;1;1;1;1;2;1;0;0;0;0;0;0
"kompania";0;0;0;0;0;0;0;3;1;0;0;0;0;1;1;0;0;2;1;0
"koń";2;0;4;0;7;4;0;1;0;0;0;0;0;2;8;0;7;0;0;2
"korona";0;0;0;0;1;0;3;3;0;0;0;0;5;0;0;1;0;0;0;1
"kościół";6;0;3;3;0;0;0;0;0;13;3;1;0;0;0;0;0;0;0;0
"kraj";0;0;0;2;0;1;0;0;1;5;4;2;1;1;0;0;3;6;5;1
"krew";0;0;0;0;5;2;1;0;2;0;1;0;0;0;1;5;1;0;0;0
"krok";0;0;2;0;1;0;1;0;0;1;0;0;0;0;1;1;1;1;0;0
"król";1;0;0;0;0;7;17;4;13;0;0;8;11;3;0;3;0;0;9;18
"królewski";0;0;0;0;0;10;6;4;0;0;0;3;0;1;0;0;0;0;1;1
"krótki";0;1;1;0;3;1;1;0;0;1;3;1;1;4;1;0;0;0;0;1
"krzyczeć";1;1;1;0;0;0;0;0;1;0;0;0;0;0;0;1;1;0;0;0
"krzyk";0;3;3;2;2;0;1;0;0;0;0;0;0;4;0;3;0;0;1;2
"krzyknąć";0;0;1;0;1;0;1;0;2;0;0;0;0;0;0;0;0;4;1;6
"kwiat";2;0;1;1;0;1;0;0;1;0;0;0;0;0;0;0;0;0;1;0
"las";1;1;3;2;5;0;0;0;0;0;0;0;0;0;0;3;0;1;0;3
"lasu";0;0;1;0;3;1;0;0;0;0;0;0;0;0;0;4;2;0;0;1
"lata";0;0;0;1;0;0;0;0;2;3;0;3;2;0;0;0;0;0;1;1
"lecieć";4;3;6;2;1;0;0;0;1;0;0;0;0;0;0;0;0;0;0;0
"ledwie";2;3;0;4;1;1;1;1;2;0;0;0;0;0;0;0;0;1;0;1
"lekki";1;0;1;0;0;0;1;0;0;0;0;0;1;0;0;1;1;0;0;0
"lepiej";2;0;0;0;2;0;3;1;0;0;0;0;0;0;0;1;0;1;0;2
"lepszy";1;0;0;1;1;1;1;0;0;0;0;0;0;0;1;0;0;0;0;1
"leżeć";7;4;6;3;4;0;0;1;0;0;0;0;0;0;0;1;0;0;0;1
"liczny";0;0;0;0;2;0;0;0;0;0;1;1;0;1;0;0;1;0;5;0
"liść";0;0;1;1;5;0;0;1;0;1;0;0;1;0;0;1;0;2;3;0
"ludzi";0;0;3;1;3;5;0;7;10;0;0;0;0;4;4;1;0;6;0;4
"ludzie";6;4;6;2;2;5;1;2;0;0;0;0;0;1;0;1;1;5;2;2
"ludzki";0;1;1;1;1;0;0;1;1;1;0;0;0;0;0;0;0;0;0;1
"łuk";0;0;2;0;1;0;1;0;2;0;0;0;0;0;0;12;0;2;0;2
"łza";5;1;1;2;0;1;0;0;0;0;0;0;0;0;0;2;0;0;0;0
"mało";0;0;2;2;0;1;0;1;1;0;0;1;0;0;3;1;0;1;3;0
"mały";2;0;0;0;2;0;2;0;2;0;0;0;0;0;0;0;0;0;4;1
"mam";0;0;0;0;1;2;2;4;0;0;0;0;0;0;2;5;0;5;2;2
"masz";0;0;1;0;2;2;0;2;1;0;0;0;0;5;1;4;0;0;0;2
"matka";3;0;1;0;1;2;5;1;0;5;1;1;1;0;0;0;0;2;0;0
"mąż";0;1;0;0;0;0;7;3;0;0;1;1;1;0;0;0;0;0;0;1
"mężczyzna";0;0;1;0;4;4;2;4;0;1;0;0;1;0;1;0;0;0;0;1
"miał";0;0;1;0;1;0;1;0;2;0;0;0;0;0;3;2;0;0;0;0
"miasta";1;0;1;0;0;1;1;1;1;0;0;0;0;0;0;0;0;0;1;0
"mieć";2;0;2;8;1;10;5;11;3;1;0;0;0;0;0;5;0;2;1;1
"miecz";0;0;0;0;23;2;10;2;1;0;0;0;0;9;4;1;0;0;3;7
"między";0;2;2;4;1;0;3;1;3;2;1;1;0;0;1;1;0;0;2;4
"mielić";0;0;1;0;0;2;2;2;1;1;0;0;0;1;1;0;2;2;1;1
"milczeć";0;3;2;0;2;0;1;0;0;0;0;0;0;0;2;1;0;0;0;3
"miłość";0;0;0;1;0;5;8;10;0;2;1;0;0;0;0;0;0;0;1;0
"minąć";0;0;0;0;1;3;2;0;2;0;0;0;0;0;0;0;0;0;1;1
"młodego";0;0;0;0;3;1;1;0;0;1;0;0;0;0;0;0;0;1;0;1
"młody";0;0;0;1;8;0;1;1;0;1;0;0;0;0;0;0;0;2;0;0
"mną";0;0;0;0;1;0;1;1;2;0;0;0;0;0;1;0;0;1;0;1
"mniej";0;0;0;0;1;0;3;1;1;0;2;0;0;1;1;0;1;3;0;1
"mogli";0;0;0;0;1;1;1;2;1;0;0;0;0;0;0;0;0;0;0;2
"mój";5;3;1;1;3;0;4;3;0;0;0;0;0;1;1;0;0;2;0;1
"moja";0;0;1;0;2;1;1;1;1;0;0;0;0;0;2;0;0;0;0;0
"morze";0;0;1;1;1;0;0;3;0;0;0;0;0;0;0;0;0;1;1;2
"mowa";0;0;0;0;0;0;0;1;1;1;0;2;0;0;0;0;1;0;0;1
"mrok";0;2;2;3;2;0;0;0;1;0;0;0;0;0;0;0;0;1;1;1
"mur";0;0;0;1;5;0;1;9;7;0;0;0;0;0;3;0;1;0;0;31
"musieć";0;0;0;2;1;4;9;6;4;1;0;2;0;1;1;0;0;7;2;4
"myśl";0;0;0;0;0;1;1;1;2;1;0;1;0;0;2;0;0;0;2;0
"myśleć";0;0;1;1;1;3;0;1;1;0;1;0;0;0;0;1;0;1;0;1
"nadal";0;0;0;0;0;7;0;2;0;1;0;0;0;0;0;3;1;0;2;0
"nadejść";2;0;0;1;1;0;1;0;1;0;0;0;0;0;0;0;0;1;0;0
"nadzieja";1;0;0;1;0;0;0;2;1;0;0;0;0;0;0;0;0;1;3;7
"nagły";2;3;0;5;1;2;1;0;2;1;0;0;0;0;4;2;6;1;0;7
"najbardziej";0;0;0;0;1;0;1;1;0;0;0;1;4;0;2;0;0;0;2;1
"najlepszy";1;0;0;0;1;1;0;0;0;0;1;0;17;1;0;1;0;1;1;0
"najpierw";0;0;1;0;2;0;1;1;1;0;1;0;0;0;2;0;0;1;0;0
"największy";1;1;0;0;0;0;0;0;1;0;0;1;1;0;0;0;0;0;1;0
"należeć";1;0;0;0;0;0;1;0;0;0;2;1;2;0;0;0;0;0;2;0
"nami";0;0;0;0;2;0;0;1;1;0;1;0;0;1;1;0;0;0;0;1
"następny";0;0;0;0;2;2;1;1;0;2;4;3;4;0;0;0;0;1;0;0
"nasz";0;0;1;0;1;0;0;2;3;0;0;0;0;1;1;0;0;1;1;0
"naszych";0;0;0;0;0;2;0;3;3;0;0;0;0;0;0;0;0;1;1;1
"natychmiast";0;0;0;0;0;0;2;1;3;0;0;1;0;1;1;0;2;0;0;1
"nauczyć";0;0;0;0;2;1;1;1;0;1;0;0;0;0;0;0;0;0;1;0
"nazwa";0;0;0;0;0;0;1;0;0;1;1;1;1;0;0;1;0;0;2;0
"nazwisko";0;0;0;0;0;1;0;2;0;0;1;3;0;0;0;0;0;1;2;0
"nazywać";0;0;0;0;1;1;1;0;1;4;2;4;0;1;2;0;0;2;6;0
"nią";1;0;1;4;0;4;4;1;1;0;0;0;1;0;0;3;0;0;0;1
"niby";5;8;7;3;1;0;0;0;1;0;0;0;0;1;1;3;0;1;0;1
"niczego";1;1;0;0;1;0;0;0;0;0;0;0;0;1;0;1;0;0;1;0
"niebo";1;10;1;8;3;1;2;0;0;0;0;2;0;0;1;2;0;0;0;5
"niech";3;1;3;1;0;0;0;3;1;2;0;0;0;1;0;0;1;1;0;1
"nieco";1;5;5;4;0;0;1;0;0;0;0;0;0;0;0;0;2;0;0;1
"niektóry";0;0;1;0;0;2;1;0;2;1;0;2;0;2;0;0;0;3;1;0
"niemal";0;0;0;0;1;1;1;0;1;0;0;2;0;0;0;0;1;0;5;0
"nigdy";0;0;0;1;2;3;5;3;2;0;0;1;0;0;1;2;0;1;5;2
"nikt";0;0;1;0;3;0;0;4;4;0;0;1;0;7;0;1;1;9;0;2
"nimi";1;1;6;2;0;1;2;0;4;0;1;0;0;0;0;0;0;3;2;4
"niski";0;1;4;3;0;1;0;0;1;0;0;0;1;0;0;1;0;0;0;1
"noc";0;14;0;2;3;9;1;3;6;0;1;1;0;4;0;2;4;4;0;4
"noga";1;2;2;1;1;6;3;0;1;0;0;0;1;1;5;1;0;0;0;4
"nos";0;1;0;0;0;1;3;3;1;0;0;0;1;0;0;0;0;1;0;0
"nosić";0;0;0;0;0;3;2;1;0;0;0;0;1;0;3;3;0;0;3;0
"nowa";0;1;0;0;0;4;1;2;0;0;3;0;0;0;0;0;0;0;0;1
"nowego";0;0;0;0;0;0;0;2;0;1;1;3;1;0;0;0;0;1;0;1
"nowy";0;0;0;0;1;1;2;5;0;1;3;2;3;2;0;1;1;4;1;3
"nóż";0;0;0;0;1;0;3;1;0;0;0;0;0;0;5;2;0;3;1;1
"obcy";0;0;0;1;2;0;0;0;0;0;0;0;0;5;4;1;0;1;0;0
"obejrzeć";1;0;1;1;0;0;0;0;0;0;0;0;0;0;0;1;0;1;0;1
"obrona";0;1;1;0;0;0;0;1;0;0;0;3;0;0;1;0;0;2;0;2
"obu";0;0;0;0;0;2;1;1;1;0;0;0;0;0;0;0;0;1;0;2
"oczy";8;3;4;6;7;2;4;0;0;0;0;0;0;0;5;5;3;1;0;1
"oczywisty";0;0;0;0;0;1;0;2;6;0;0;0;0;0;0;1;0;2;2;0
"odeprzeć";0;0;0;1;1;2;3;2;4;0;0;0;0;0;0;0;0;13;0;10
"odezwać";0;0;0;0;1;1;1;2;0;0;0;0;0;0;0;0;0;1;0;2
"odmówić";1;0;0;0;1;0;0;1;0;1;1;2;0;0;0;0;0;1;0;0
"odpowiedź";0;1;0;0;1;1;1;1;2;0;0;0;0;0;0;0;0;1;1;0
"odpowiedzieć";0;0;1;0;8;1;1;1;2;0;0;0;0;0;0;0;0;4;2;3
"odrzucić";0;0;0;0;2;0;1;0;1;1;1;1;0;0;0;0;0;1;0;0
"ogień";0;4;0;1;7;1;0;0;0;0;0;0;0;0;2;7;0;1;0;2
"ognisko";0;0;2;0;3;1;0;1;3;0;0;0;0;0;0;0;0;3;0;0
"ogromny";0;1;5;2;5;0;0;0;2;1;1;0;0;0;1;0;0;0;0;4
"ojciec";1;0;2;0;0;11;12;5;2;4;2;1;3;1;0;0;0;3;0;0
"okno";3;1;0;1;0;0;1;1;0;1;0;0;0;1;0;0;0;0;0;1
"okolica";0;0;0;0;0;0;0;0;1;1;0;0;0;1;2;0;4;3;1;0
"okres";0;0;0;0;0;0;0;0;0;11;3;4;1;0;0;0;1;2;0;0
"okropny";0;1;0;0;1;1;1;0;1;0;0;0;0;1;0;0;0;0;0;0
"ona";3;1;0;2;1;3;1;4;0;0;0;2;0;0;0;0;0;1;2;0
"oni";0;0;0;0;2;1;0;0;2;1;1;1;0;0;0;0;0;2;1;2
"opowiedzieć";1;0;0;0;1;2;1;0;0;0;1;0;0;0;0;0;2;0;3;0
"opuścić";0;1;4;0;0;1;1;0;0;0;0;2;1;0;0;0;0;0;0;0
"osoba";0;0;0;0;0;0;0;0;0;3;4;1;0;1;0;0;0;1;2;0
"ostrożny";0;0;1;0;3;0;1;1;0;0;0;0;0;0;0;1;0;1;1;0
"ostry";1;5;0;2;1;0;4;1;1;1;0;1;0;0;2;2;3;0;0;0
"otrzymać";0;0;0;0;0;0;0;5;2;3;1;1;1;0;0;0;0;0;1;0
"otwarty";1;0;1;0;1;0;0;0;1;1;0;0;0;1;0;0;0;0;0;2
"otworzyć";1;0;0;0;2;1;1;1;0;2;0;0;0;0;0;0;0;1;0;0
"palce";0;0;0;1;4;1;1;4;1;0;0;0;0;2;1;1;0;0;0;0
"palić";0;0;1;1;1;0;2;0;0;0;0;0;0;0;0;0;0;3;5;0
"pamiętać";0;0;0;1;0;2;2;1;1;1;0;0;1;0;0;0;0;0;0;0
"pana";0;0;0;0;1;1;3;0;1;0;0;0;0;0;1;0;0;1;0;0
"pani";0;0;1;1;0;7;11;1;0;0;1;0;0;0;0;5;1;3;0;0
"panie";0;0;1;1;5;0;7;1;0;0;0;0;0;1;4;0;2;7;0;0
"parę";1;0;1;1;0;0;1;0;1;0;0;0;0;0;0;0;0;0;1;0
"paść";1;0;1;1;0;0;0;2;0;0;0;0;0;0;0;0;0;2;0;3
"patrzyć";4;1;3;1;2;0;2;0;2;0;0;0;0;2;0;1;0;0;0;2
"pełny";2;6;3;1;2;1;0;1;0;0;1;1;2;0;0;2;0;1;1;0
"pewien";0;0;0;0;1;0;2;1;1;0;0;0;0;0;2;0;0;1;1;0
"pewność";0;0;0;0;3;2;3;6;0;0;1;0;0;0;0;0;0;1;1;0
"pewny";0;1;0;0;6;0;0;3;3;0;0;0;0;8;1;0;1;1;1;2
"pięciu";0;0;0;0;1;0;1;0;0;1;0;0;1;0;0;0;0;0;1;1
"piękny";0;0;1;1;0;8;6;1;0;0;2;0;0;0;2;0;0;0;2;0
"pieniądz";1;0;0;1;0;0;0;2;0;1;3;1;0;0;2;0;0;1;0;0
"pierś";2;1;0;2;2;3;0;2;0;0;0;0;0;0;0;0;1;0;0;0
"pierwsza";0;0;2;0;1;0;0;0;0;5;2;1;2;1;0;0;0;0;1;0
"pierwsze";0;1;0;0;1;0;0;0;0;1;1;2;1;0;0;0;1;1;1;0
"pies";3;7;2;0;0;2;1;0;0;0;0;0;0;1;0;0;1;1;0;0
"pieśń";0;0;0;1;0;2;1;1;2;1;0;0;0;0;0;0;0;1;0;1
"pilnować";2;0;1;0;2;0;0;0;0;0;0;0;0;1;0;0;0;1;1;1
"plecy";1;0;0;1;1;0;1;0;1;0;0;0;0;3;1;0;2;0;0;2
"pochodzić";0;0;0;1;0;1;1;0;0;2;1;4;1;0;0;2;0;0;3;0
"początek";0;0;0;0;0;1;2;0;0;2;5;1;2;0;0;0;0;3;1;0
"początkowy";0;0;0;0;0;0;0;0;0;2;2;1;1;0;0;1;0;0;1;0
"poczuć";0;0;0;2;2;1;1;1;1;0;0;0;0;0;0;0;0;0;0;0
"podczas";0;0;0;0;0;1;2;0;0;7;4;1;7;0;0;2;0;0;5;1
"podnosić";0;2;1;2;0;0;1;0;0;0;0;0;0;0;1;1;0;0;0;1
"podobny";0;1;0;0;3;3;2;1;1;0;0;0;0;0;0;1;0;0;0;0
"podróż";0;0;0;0;1;0;0;0;0;5;1;1;0;0;0;0;0;2;1;0
"pojechać";0;0;1;0;1;1;1;0;0;0;0;1;1;0;0;0;0;0;0;2
"pokazać";0;2;0;3;0;1;2;1;0;0;0;0;0;0;0;0;0;3;1;1
"pół";1;1;1;0;1;1;2;0;0;0;1;0;0;0;0;1;0;1;0;1
"pole";5;5;7;13;0;0;1;0;0;0;1;0;0;1;1;0;0;1;0;2
"północ";0;2;1;0;4;0;1;6;3;0;0;0;0;0;0;1;0;0;2;3
"południe";1;2;1;0;0;3;1;0;5;0;0;0;0;0;0;0;0;1;2;2
"pomiędzy";1;0;0;0;0;0;0;0;0;0;0;2;2;0;3;2;0;0;0;1
"pomoc";2;0;0;0;0;0;0;0;5;0;2;1;0;1;0;2;1;0;2;0
"pomóc";1;0;1;0;0;0;1;3;1;1;1;0;0;0;0;1;0;2;0;4
"pomyśleć";1;0;0;1;2;3;5;2;1;0;0;0;0;0;0;3;0;0;0;0
"ponowny";0;0;0;0;0;0;1;1;1;1;2;1;1;0;0;0;0;0;0;0
"pora";1;0;0;2;1;1;0;3;1;0;0;0;0;1;0;0;0;1;1;2
"poszedł";1;1;1;0;0;0;1;0;2;0;0;0;0;0;0;1;0;1;1;1
"poszła";2;0;3;2;0;0;0;0;1;0;0;0;0;0;0;1;0;1;0;0
"potrafić";0;0;0;0;3;1;1;2;0;0;0;0;0;1;1;0;0;0;0;0
"potrzeba";0;1;0;0;0;0;1;2;1;1;0;0;0;0;0;0;0;0;3;0
"potrzebny";0;0;0;1;0;0;0;0;1;1;0;0;0;0;1;1;5;2;0;0
"potrzebować";0;0;0;0;1;4;2;1;1;0;0;0;0;0;2;2;0;0;0;0
"powiedzieć";2;2;1;0;11;15;9;12;6;0;0;0;0;0;10;4;0;8;3;7
"powietrze";4;1;3;2;3;0;1;0;2;0;0;0;0;3;1;0;1;0;0;2
"powód";1;0;0;0;0;0;2;2;0;3;2;4;3;1;0;0;2;0;0;0
"powrócić";1;0;0;2;0;0;0;0;0;1;2;4;2;0;0;0;0;0;1;0
"powrót";0;0;0;0;0;0;0;1;0;1;1;1;0;0;0;0;1;1;2;0
"powstrzymać";0;1;1;0;0;1;1;1;0;0;0;0;0;0;0;0;0;0;0;1
"później";0;0;0;0;3;1;1;0;0;7;3;2;1;0;0;2;0;0;3;0
"pozostać";0;0;0;0;1;1;0;1;1;1;0;0;0;1;0;0;0;0;0;0
"pozostały";0;0;0;0;3;0;1;3;2;0;0;2;0;2;0;0;0;0;0;0
"pozwolić";0;0;0;2;0;1;2;6;0;1;1;0;0;0;1;0;0;1;0;0
"praca";0;0;0;0;0;0;0;0;1;9;5;2;2;0;0;0;1;0;2;0
"pracować";0;0;0;1;0;0;0;0;1;3;0;0;0;0;1;0;0;1;1;0
"prawa";0;0;1;0;0;3;0;1;1;0;0;6;0;2;0;0;0;0;4;0
"prawda";3;1;3;1;0;5;2;5;3;0;0;0;0;4;1;3;0;3;9;1
"prawdziwy";0;0;0;0;1;2;0;1;0;1;0;0;0;0;1;0;1;1;6;0
"prawie";1;2;0;1;6;1;3;0;0;1;0;1;1;2;1;0;0;1;1;0
"prawo";0;0;1;0;0;3;1;1;2;2;0;1;0;2;0;0;0;0;0;0
"prawy";1;0;1;0;1;0;1;0;1;0;0;0;0;0;0;0;0;0;0;1
"prędki";2;0;1;1;0;0;0;0;0;0;0;0;0;0;1;1;0;3;0;0
"próbować";0;0;0;0;0;1;1;4;0;0;3;0;1;0;0;0;0;1;1;1
"prostu";0;0;0;0;1;1;1;0;0;0;0;0;0;0;1;0;0;1;1;0
"prowadzić";0;0;2;0;1;1;0;0;0;6;3;3;1;0;0;0;0;0;1;0
"przecież";0;0;0;0;1;1;1;0;0;0;0;0;0;0;2;1;0;2;0;1
"przeciwny";0;0;0;0;0;1;0;1;1;1;1;0;0;0;1;0;0;0;0;1
"przedtem";0;0;0;0;0;3;1;1;0;0;0;0;0;1;0;0;0;1;1;1
"przekonać";0;0;0;0;1;2;0;2;3;0;0;0;0;0;0;2;0;0;1;0
"przerwa";1;0;0;0;0;0;0;0;0;1;1;0;0;0;1;1;0;0;0;3
"przeszedł";0;0;1;0;0;0;1;0;1;0;1;0;1;0;0;0;0;1;1;0
"przychodzić";1;1;0;1;1;0;0;0;2;0;0;0;0;0;0;1;0;1;0;0
"przyjąć";0;0;0;1;1;1;0;1;0;4;1;1;0;0;3;0;0;0;1;0
"przyjaciel";0;0;0;0;0;1;0;0;1;0;0;2;0;0;0;1;0;1;0;1
"przyjść";0;3;0;0;1;1;0;1;3;0;0;0;0;1;1;1;1;2;1;2
"przynajmniej";0;0;0;0;1;0;0;1;1;0;0;0;0;1;0;0;0;0;1;1
"przypomnieć";1;0;0;1;1;1;2;3;1;0;0;0;0;0;0;0;0;0;0;0
"ptak";3;1;0;2;1;1;0;1;13;0;0;0;0;0;1;1;1;0;0;0
"puścić";2;1;2;0;0;0;0;0;2;0;0;0;0;0;1;0;0;0;0;2
"pusty";0;1;2;0;2;0;0;0;0;0;1;0;0;1;0;0;0;1;0;2
"pytać";2;0;0;0;0;0;1;0;1;0;0;0;0;2;0;1;0;0;0;1
"rada";0;1;0;1;2;0;1;4;1;3;1;0;0;2;0;1;0;2;1;1
"radość";1;1;0;5;0;0;0;1;1;0;0;0;0;0;0;0;0;0;0;1
"ramię";0;1;1;0;6;2;4;0;1;0;0;0;0;2;4;4;0;0;0;2
"raz";0;0;0;0;1;2;1;1;0;1;1;2;1;2;3;0;0;2;4;0
"razem";0;0;1;0;2;6;2;4;3;0;2;0;0;2;2;1;0;1;1;2
"reszta";0;0;0;0;0;2;0;2;2;0;0;0;0;0;1;1;0;2;0;1
"robić";2;2;2;0;0;5;2;2;1;0;0;0;0;0;0;0;0;4;0;0
"robota";0;0;2;1;0;0;0;1;1;0;0;0;0;0;0;0;0;1;0;1
"roboty";2;1;1;0;0;0;0;1;1;0;0;0;0;0;0;1;1;1;2;1
"rod";0;0;0;1;1;2;2;1;4;0;1;0;0;0;0;0;0;0;5;1
"rodzina";1;0;0;0;0;0;0;1;1;2;4;6;2;0;0;0;0;1;4;0
"rok";0;1;0;0;0;1;3;0;0;2;1;3;2;0;0;2;0;3;0;0
"równia";0;1;0;0;1;1;3;1;0;1;0;1;0;0;0;0;0;0;0;0
"rozkaz";0;0;0;0;3;3;0;1;0;0;0;0;0;0;0;3;3;3;1;0
"rozmowa";0;0;1;0;0;1;0;0;0;1;3;0;0;1;3;0;0;1;0;0
"rozpocząć";1;0;0;0;0;0;0;1;0;5;4;3;2;0;0;0;0;0;1;1
"ruch";1;1;2;0;2;0;0;0;0;0;3;0;1;0;1;1;0;0;1;0
"ruszyć";0;0;1;1;1;0;2;0;1;0;0;0;0;0;3;0;0;2;0;2
"rycerz";0;0;0;0;14;7;3;6;0;0;0;0;0;1;0;0;1;0;0;7
"rząd";0;1;2;3;0;0;0;0;0;1;3;0;3;0;1;0;0;0;1;0
"rzadki";0;0;1;1;0;0;0;0;0;0;0;0;0;0;1;4;1;0;1;0
"rzecz";0;0;0;1;2;2;1;3;3;1;1;0;0;2;4;4;1;0;1;0
"rzeczywisty";0;0;0;0;2;2;3;1;1;0;0;0;0;0;0;0;0;0;2;0
"rzeka";0;1;2;0;0;4;0;0;3;0;0;0;0;0;0;0;2;1;0;0
"rzekł";0;0;2;0;1;0;2;0;8;0;0;0;0;0;8;0;0;10;0;21
"rzucić";0;0;0;0;2;0;0;0;0;0;0;1;0;1;2;0;0;2;1;3
"sądzić";1;0;0;0;0;5;0;1;1;0;0;0;0;0;0;2;0;0;1;1
"sama";1;0;0;0;0;3;2;1;0;0;0;0;0;0;0;0;0;2;1;0
"same";4;0;0;1;0;1;0;1;1;0;0;0;0;0;0;0;0;0;1;0
"samej";0;0;0;0;2;0;1;1;0;0;0;1;0;0;0;1;0;0;0;1
"samo";1;0;0;0;3;7;3;0;0;0;0;0;0;1;0;0;0;2;0;1
"samym";0;1;2;1;1;0;0;0;0;0;2;1;3;0;0;1;0;1;0;2
"ściągnąć";0;0;0;0;2;0;1;0;1;0;0;0;1;0;1;0;0;1;0;1
"ściana";3;3;0;1;0;0;0;0;1;0;0;0;0;0;0;1;0;0;0;1
"serce";4;0;0;7;1;2;0;0;3;1;0;0;0;0;0;1;0;0;1;1
"setka";0;0;0;0;1;0;3;0;0;0;0;0;0;1;0;0;1;3;0;2
"siedzieć";2;3;2;1;3;1;3;0;1;0;1;0;0;0;1;0;1;3;0;0
"siła";0;0;0;2;1;1;1;4;2;0;2;0;1;0;6;0;0;1;1;4
"siostra";1;0;0;0;0;6;2;1;0;3;1;1;1;2;0;0;0;0;0;0
"skąd";0;1;1;1;1;0;0;1;0;0;1;0;0;0;0;0;0;1;0;0
"skończyć";1;0;0;0;1;3;1;1;2;0;0;1;0;0;0;0;0;0;0;4
"skóra";0;0;1;0;6;0;4;2;0;0;0;0;0;3;2;2;0;0;1;0
"skoro";0;2;0;2;2;2;1;1;2;0;0;0;0;0;0;0;0;2;2;0
"słaby";0;0;0;1;1;0;0;0;1;0;1;0;0;0;1;0;0;0;0;1
"słodki";2;1;0;4;1;3;3;1;0;0;0;0;0;0;0;0;0;0;0;0
"słońce";8;2;9;13;0;1;2;0;0;0;0;0;0;0;2;2;0;0;0;3
"słów";0;0;1;1;1;1;1;0;2;0;0;0;0;0;0;1;0;0;1;0
"słowo";4;2;2;1;2;2;3;1;3;2;0;0;0;0;2;1;0;0;4;0
"słuchać";0;0;0;0;0;1;1;0;1;0;0;1;0;0;0;0;0;1;0;1
"służba";0;0;1;0;1;1;1;0;0;0;4;0;0;0;0;0;0;0;1;0
"słyszeć";0;0;0;0;1;1;2;2;1;0;0;0;0;0;1;0;0;2;2;2
"śmiech";0;0;0;0;1;0;3;3;0;0;0;0;0;0;1;1;0;1;0;0
"śmierć";4;0;0;0;0;0;2;1;2;1;0;2;0;0;0;0;0;0;0;5
"śmierci";3;1;0;2;0;1;0;1;1;7;1;4;1;0;0;0;0;0;0;0
"smok";0;0;0;0;0;0;3;1;10;0;0;0;0;1;9;0;0;0;2;0
"śnieg";0;14;2;2;12;0;0;1;2;0;0;0;0;0;0;0;0;0;0;1
"sobą";1;0;2;4;2;1;3;0;2;0;0;0;0;0;0;1;0;0;0;5
"śpiewać";0;0;1;5;0;4;0;1;0;0;0;0;0;0;0;0;0;1;0;1
"spod";1;1;2;5;0;2;0;0;4;0;0;0;0;1;1;0;0;0;1;1
"spojrzeć";2;1;2;0;2;0;1;0;0;0;0;0;0;0;3;0;0;1;0;2
"spokój";1;0;0;0;1;0;1;0;1;0;0;0;0;2;1;1;0;1;0;1
"spokojny";0;0;0;0;1;0;1;0;1;0;0;1;0;1;2;2;1;0;0;0
"spory";0;0;0;1;0;0;0;2;1;0;0;0;0;1;0;0;1;1;1;0
"spotkać";0;0;0;0;2;2;1;0;1;1;2;1;0;0;0;0;0;3;1;0
"spotkanie";0;0;0;0;0;0;1;1;0;2;2;0;10;0;0;1;0;0;1;1
"sprawa";1;0;0;1;0;0;2;6;1;2;3;2;1;5;0;0;0;0;4;0
"spytać";0;1;2;0;5;0;0;0;1;0;0;0;0;0;3;0;0;7;0;0
"srebrny";0;0;2;0;0;1;2;0;1;0;0;0;0;1;0;1;0;0;0;0
"środek";1;1;1;0;0;0;1;0;0;1;0;0;0;0;1;0;0;0;0;0
"stąd";0;0;0;0;1;0;0;0;2;0;0;1;0;0;1;0;0;2;1;2
"stal";0;0;0;0;1;0;5;0;1;0;0;0;0;2;0;0;2;1;1;0
"stała";1;0;1;0;1;0;0;0;0;0;1;1;0;0;0;0;0;2;0;0
"stan";0;0;1;1;0;2;1;2;0;0;2;2;0;0;1;0;0;0;0;0
"stanąć";1;2;0;0;3;0;0;2;0;0;1;0;0;0;0;0;0;2;0;1
"stara";1;0;5;2;0;1;1;0;1;0;0;0;0;0;0;1;0;2;1;1
"starszy";0;3;0;0;0;2;0;0;0;1;0;2;2;0;0;0;0;2;0;0
"stary";1;5;1;0;5;0;2;3;3;0;0;3;0;5;0;0;0;10;5;3
"staw";2;4;2;3;0;0;0;0;1;0;0;0;0;0;0;0;0;0;0;1
"sto";0;1;0;0;1;0;0;0;1;0;0;0;0;0;0;1;1;0;1;1
"stopa";0;0;0;0;1;1;2;0;0;0;0;0;0;0;1;1;0;1;1;2
"strach";2;2;0;0;3;2;0;2;0;0;0;0;0;0;0;2;0;0;0;1
"stracić";0;0;0;0;1;2;0;3;3;0;1;0;0;0;0;1;0;0;0;0
"straszny";2;4;0;0;2;0;0;0;1;0;0;0;0;0;1;0;1;0;0;0
"straż";0;0;0;0;6;1;0;6;0;0;0;0;0;0;0;0;0;1;1;1
"strona";0;1;2;0;1;4;1;3;4;1;2;1;0;0;8;0;1;2;0;4
"swego";0;0;0;0;0;0;4;3;2;2;0;0;0;0;0;0;1;0;1;0
"świat";1;10;5;7;0;1;0;0;0;0;1;0;0;0;0;4;0;0;2;1
"świata";0;0;0;1;0;0;0;0;0;1;0;0;2;0;2;7;0;0;1;0
"światło";1;1;0;2;2;0;1;0;0;0;0;0;0;0;0;0;0;1;0;3
"świecie";3;2;1;2;0;1;2;1;1;1;0;1;3;0;0;1;0;2;1;0
"święta";1;2;0;7;0;0;0;1;0;2;0;0;0;0;0;0;0;0;1;0
"swoich";0;0;0;2;1;1;1;0;3;0;0;0;0;0;0;0;0;1;3;2
"swoim";1;1;0;0;3;0;0;0;1;1;0;1;1;0;0;0;0;1;2;1
"swój";0;0;1;0;4;0;4;1;0;1;0;1;0;2;1;2;0;1;3;1
"swoją";0;0;3;2;0;0;0;1;2;3;1;1;2;0;0;0;0;2;4;1
"swojego";0;0;0;0;4;1;0;1;1;5;0;2;7;1;0;0;0;0;0;0
"swojej";0;0;0;2;1;0;0;0;2;1;0;1;3;2;0;0;0;0;4;1
"syn";0;0;0;0;0;1;0;1;1;2;0;1;0;0;0;0;0;3;0;0
"szary";1;1;6;5;1;1;0;0;1;0;0;0;0;0;0;0;2;0;1;0
"szczęście";2;0;1;2;1;0;2;0;0;0;0;0;0;0;0;0;0;0;2;0
"szeroki";3;0;1;2;0;0;0;0;2;1;1;1;0;1;2;0;0;0;1;1
"szkoda";0;1;2;0;0;0;0;1;1;0;0;0;0;1;0;0;0;2;1;0
"sztylet";0;0;0;0;1;0;6;1;0;0;0;0;0;2;0;1;0;0;0;1
"szukać";3;2;1;0;1;0;0;1;3;0;0;0;0;2;1;1;0;0;1;0
"szybki";0;0;0;0;2;0;1;2;2;0;0;0;0;4;2;0;1;0;0;3
"tajny";0;0;0;0;0;1;0;0;1;1;3;0;0;0;0;0;1;0;0;1
"taka";3;6;3;2;1;2;1;0;1;1;0;0;1;1;1;2;1;0;0;0
"taki";4;0;3;3;2;3;6;4;0;0;1;0;1;3;1;3;0;0;2;0
"tamten";0;0;0;0;1;1;0;0;2;0;0;1;3;1;2;3;1;2;0;0
"tom";0;0;2;0;0;1;2;0;0;0;0;1;0;0;1;0;1;4;4;0
"towarzystwo";0;0;0;0;0;1;1;0;1;1;1;0;0;0;2;0;0;0;0;0
"towarzyszyć";0;0;0;0;2;2;1;1;0;1;2;1;0;1;0;0;0;0;2;1
"tradycja";0;0;0;0;0;0;1;1;0;3;1;0;1;0;0;0;0;0;2;0
"trafić";1;0;1;0;0;0;0;0;1;0;0;2;8;0;1;1;0;0;0;2
"trochę";5;0;0;0;4;1;1;2;0;0;0;0;0;0;1;2;0;1;0;0
"trud";0;0;0;1;1;1;0;0;2;0;0;0;0;0;0;1;1;0;0;0
"trudno";0;0;0;0;1;1;0;1;0;0;0;0;0;0;1;0;1;3;0;0
"trza";1;1;3;1;0;0;0;0;1;0;0;0;0;0;0;3;0;0;0;0
"trzech";0;0;0;0;1;2;1;0;0;1;0;0;2;2;0;0;0;2;1;0
"trzeci";0;1;1;1;0;1;0;0;0;2;0;0;3;1;0;0;0;0;3;0
"trzy";0;4;0;0;1;2;2;2;3;3;0;0;3;5;15;0;2;1;2;0
"trzymać";3;0;1;0;0;4;1;0;0;0;0;0;0;1;1;1;0;1;1;2
"tutaj";0;0;0;1;3;1;1;0;7;0;0;0;0;0;0;1;0;3;1;9
"twierdza";0;0;0;0;0;1;2;1;0;0;1;2;0;0;0;0;2;0;2;4
"twój";0;0;0;0;1;2;1;2;0;3;0;0;0;0;0;0;0;1;0;0
"twoja";0;1;0;0;0;0;2;1;1;0;0;0;0;1;0;1;0;0;0;0
"tyle";2;3;2;2;0;2;1;1;3;0;0;1;0;2;0;1;0;0;0;1
"tytuł";0;0;0;0;0;0;1;1;0;1;1;2;4;0;0;0;0;0;3;0
"uciec";1;1;0;0;0;2;0;0;0;0;1;0;0;0;1;0;0;0;0;2
"uczynić";0;1;0;1;0;1;3;1;0;0;0;0;0;0;0;3;0;0;0;0
"udać";0;0;0;0;0;1;1;1;0;2;2;2;0;0;0;0;0;0;1;0
"uderzenie";0;0;0;0;1;2;2;0;0;0;0;0;0;1;2;1;0;0;0;0
"udział";0;0;0;0;0;0;0;1;1;1;7;2;1;0;0;0;0;0;0;1
"usłyszeć";0;0;0;0;2;2;3;1;4;0;1;0;0;0;0;0;0;2;0;0
"uśmiech";0;1;1;0;3;2;0;2;0;0;0;0;0;0;1;0;0;1;0;0
"uśmiechnąć";0;0;2;0;1;1;1;3;1;0;0;0;0;0;5;0;0;1;0;0
"usta";0;0;1;0;6;1;2;1;2;0;0;0;0;1;2;2;0;0;0;1
"uszach";0;0;0;1;1;0;0;0;0;0;0;0;0;1;0;1;1;0;0;1
"uwaga";0;0;0;1;2;0;2;0;1;2;0;0;2;1;0;1;0;0;3;0
"uważać";0;0;0;0;0;0;1;4;0;2;1;0;1;0;2;1;0;2;1;0
"uzyskać";0;0;0;0;0;0;0;0;1;2;1;6;2;0;0;0;0;0;1;0
"walczyć";0;0;0;0;1;2;1;0;0;1;0;0;0;0;0;0;1;1;0;3
"walka";0;0;1;0;1;1;0;2;1;0;7;0;0;0;1;0;2;2;1;4
"wam";0;0;0;0;0;0;1;1;3;0;0;0;0;0;3;0;0;2;0;4
"was";1;0;1;0;0;0;0;2;7;0;0;0;0;0;1;0;1;3;0;0
"wcale";0;0;0;0;0;1;0;1;2;0;0;0;0;0;0;0;0;3;3;1
"wciąż";0;5;1;1;1;0;0;0;0;0;0;0;0;0;0;2;0;2;0;4
"wcześniej";0;0;0;0;4;0;1;0;0;1;0;1;1;0;0;0;0;0;1;0
"wejść";0;0;0;1;0;0;2;0;2;0;1;0;1;0;0;0;0;0;0;2
"wiadomo";0;0;1;0;0;0;0;0;0;0;0;0;0;0;3;1;1;2;2;0
"wiatr";0;2;1;0;4;1;1;1;0;0;0;0;0;0;0;1;1;0;0;1
"widok";0;0;0;0;0;0;2;0;1;0;0;1;0;1;1;0;0;1;0;1
"widzieć";3;0;1;2;14;6;4;5;3;0;0;0;1;0;5;6;1;6;0;3
"więcej";1;0;0;0;2;1;3;5;3;1;1;1;0;0;2;0;0;13;4;1
"wiedzieć";2;0;0;1;0;1;8;5;2;0;0;0;0;3;1;7;0;2;1;6
"wieko";1;0;0;0;1;2;0;1;1;3;1;4;1;1;0;0;0;0;3;1
"większość";0;0;0;0;1;1;0;0;1;4;1;2;0;0;0;0;0;1;0;0
"większy";0;1;0;1;1;0;0;1;1;0;0;1;0;0;0;1;0;2;0;0
"wiele";0;0;1;0;0;1;3;0;3;3;1;2;0;3;0;3;3;0;6;2
"wielkie";0;0;0;1;0;0;3;0;0;0;0;0;0;0;0;1;1;1;1;0
"wielu";1;0;0;0;1;2;0;0;3;4;0;0;0;1;0;0;0;2;2;4
"wieś";7;6;11;19;0;0;0;0;0;0;2;2;0;1;0;0;1;6;0;0
"wieża";0;0;1;0;0;0;3;0;0;0;0;2;0;0;0;0;1;0;2;5
"wilk";0;1;0;0;3;0;3;1;0;0;0;0;0;2;0;2;1;0;0;0
"wiosna";0;0;0;2;0;0;0;0;1;1;3;1;0;0;0;0;0;1;0;0
"wkrótce";0;0;0;0;0;1;3;2;3;1;1;3;0;0;0;0;0;3;0;1
"władysław";1;1;1;1;0;0;0;0;0;1;1;0;0;0;0;0;0;0;0;0
"właściwy";0;0;0;0;0;1;1;2;2;0;0;1;0;0;1;0;0;0;0;0
"własny";0;0;1;0;1;1;3;1;1;0;1;0;1;0;0;2;0;1;6;3
"włosy";1;0;0;1;0;1;1;4;0;0;0;0;0;0;2;2;0;0;0;0
"wobec";0;0;0;0;0;0;0;0;3;0;1;4;0;0;0;1;0;1;0;1
"woda";2;4;0;7;2;1;4;0;1;1;0;0;0;0;2;4;1;5;2;1
"wojna";0;0;0;0;0;4;0;4;3;2;4;3;0;0;0;4;1;0;3;0
"wola";0;1;0;0;0;0;3;1;0;0;1;0;0;1;0;1;0;1;0;1
"wołać";1;1;2;1;1;0;0;0;0;4;0;0;0;0;0;0;0;0;0;1
"woli";0;0;0;2;0;1;0;1;0;0;1;0;0;0;0;1;0;0;1;2
"wolna";1;1;4;4;0;0;0;0;0;0;0;0;0;0;0;0;0;1;0;2
"wolno";0;0;3;0;0;3;0;0;0;0;0;1;0;1;4;0;0;1;2;0
"wolny";0;0;1;0;1;0;1;1;1;1;0;0;0;0;1;0;0;0;0;0
"wówczas";0;0;0;0;0;0;0;0;3;3;5;5;3;0;0;2;0;0;1;0
"wpaść";1;0;0;0;0;0;1;0;0;0;0;0;0;1;1;1;0;2;1;0
"wracać";0;0;0;2;2;0;0;1;4;0;0;0;0;0;0;0;0;2;1;2
"wraz";4;3;5;5;0;0;0;0;2;4;6;6;1;0;0;0;0;3;1;2
"wreszcie";1;2;0;0;3;0;1;0;2;0;0;0;0;2;0;1;1;0;2;2
"wrócić";0;0;1;1;0;2;3;3;5;0;0;0;0;0;1;3;0;3;1;3
"wschód";0;2;1;4;0;0;1;1;3;0;1;0;0;0;0;0;0;0;1;3
"wspólny";0;1;0;0;0;0;0;1;0;0;0;1;1;0;1;0;0;0;1;0
"wszelki";1;3;0;1;0;1;1;0;1;0;1;2;0;2;0;0;1;1;3;0
"wszyscy";1;0;1;0;0;4;3;5;1;1;0;0;0;2;0;0;0;4;3;6
"wszystkie";3;3;0;2;2;3;2;1;3;1;0;0;2;0;0;0;0;1;3;3
"wszystkim";1;0;0;1;0;0;1;0;4;0;2;0;0;1;0;0;0;1;2;0
"wtedy";0;0;0;0;1;6;0;1;1;0;0;0;0;2;1;1;0;1;1;1
"wybrać";0;0;0;1;0;0;0;1;0;5;3;4;3;0;0;0;0;3;2;0
"wybuchnąć";1;0;0;0;0;1;0;0;1;0;1;1;0;0;1;0;0;1;0;1
"wychodzić";2;0;0;0;1;2;1;0;1;0;1;0;0;0;0;2;0;0;0;0
"wyciągnąć";0;0;3;0;2;1;0;1;2;0;1;0;0;0;2;0;0;0;0;0
"wydać";0;0;0;0;1;0;1;1;1;5;1;1;0;0;0;0;0;2;2;0
"wydarzenie";0;0;0;0;0;0;0;1;1;2;1;0;0;0;0;2;0;1;1;0
"wydawać";0;0;0;0;4;0;3;0;3;0;2;0;0;0;0;0;1;2;2;2
"wyglądać";0;1;0;0;1;3;13;0;1;0;0;0;0;0;0;0;0;2;0;0
"wyjść";1;0;0;1;1;3;2;4;2;0;1;1;0;1;4;0;0;2;0;2
"wysłać";0;0;0;0;1;4;3;5;1;0;1;2;0;0;0;1;0;1;0;0
"wysoki";0;0;2;1;2;0;2;0;2;0;0;0;0;0;1;2;0;0;1;2
"wyższy";0;0;0;0;0;0;2;0;0;1;0;1;1;0;3;0;0;0;1;0
"zabić";0;0;0;0;2;5;4;4;2;0;1;0;0;1;1;2;0;0;2;0
"zabrać";1;0;1;0;0;4;2;1;0;0;1;0;0;0;0;0;0;1;1;0
"zachód";0;2;5;1;1;3;0;1;2;0;0;0;0;0;0;0;1;1;0;1
"zaczynać";0;1;1;0;0;0;0;1;1;0;0;0;0;3;0;0;0;1;2;1
"zadać";0;0;0;0;1;1;1;1;0;0;0;0;0;1;0;0;0;1;1;0
"żaden";0;0;0;0;2;0;1;2;0;0;0;2;0;0;0;1;0;0;2;3
"żałować";3;1;1;0;0;0;0;0;0;0;0;0;0;0;1;1;0;1;0;0
"założyć";0;0;1;0;1;2;0;0;0;2;1;1;0;0;0;0;0;0;0;0
"zamek";0;0;0;0;1;0;6;3;0;0;0;4;0;0;0;0;4;0;0;2
"zanim";0;0;0;0;0;0;2;3;0;0;0;0;0;1;0;1;0;2;0;3
"zapłacić";0;1;2;0;0;0;0;1;1;0;0;0;1;0;0;1;0;0;0;0
"zapomnieć";0;0;1;0;0;3;1;3;2;0;0;0;0;0;3;1;2;1;0;1
"zapytać";1;0;0;0;0;3;1;6;0;0;0;0;0;0;0;1;0;1;0;1
"zaraz";1;1;6;1;0;0;0;0;0;0;0;1;0;2;1;1;0;4;0;0
"zatrzymać";0;0;0;0;3;1;0;0;0;0;1;0;0;0;1;1;0;0;2;3
"zauważyć";0;0;0;1;5;3;6;4;0;0;0;1;0;0;1;0;0;0;0;0
"zawołać";0;0;3;0;2;1;1;0;6;0;0;0;0;0;0;1;0;5;0;4
"zawsze";0;0;1;1;0;4;2;4;2;1;0;0;0;1;1;2;1;1;1;1
"zbierać";1;0;0;1;0;0;1;0;2;0;0;0;0;0;0;2;0;0;1;1
"zbrojny";0;0;0;0;0;1;1;0;3;0;2;1;0;0;0;0;2;0;1;0
"zbyt";0;0;0;0;1;1;7;1;1;0;0;1;0;0;0;1;3;0;0;0
"zdawać";0;0;0;0;1;1;0;1;2;0;0;0;0;1;1;0;0;0;2;0
"zdobyć";0;0;0;0;0;1;1;1;0;0;2;1;22;0;0;0;0;0;1;3
"zdołać";0;0;0;0;0;1;0;3;3;0;0;0;1;0;0;0;0;0;1;4
"zebrać";1;0;1;0;0;0;0;0;0;1;0;0;0;0;0;0;1;1;3;0
"żelazny";0;1;0;0;0;2;0;5;0;0;0;0;0;0;0;5;2;0;0;2
"zginąć";0;2;0;0;0;3;4;1;3;0;0;0;0;0;0;0;0;1;2;0
"zgodny";0;0;0;0;0;0;1;0;2;3;0;1;0;0;1;0;0;0;1;0
"zgodzić";0;0;0;1;0;2;2;8;1;0;0;0;0;0;0;2;0;0;0;0
"ziemia";3;11;11;13;7;0;0;1;1;4;2;1;0;0;1;2;0;1;0;5
"zima";0;7;2;4;2;0;0;0;4;0;1;0;0;0;0;0;0;1;0;0
"zimny";1;0;1;0;11;0;2;0;0;0;0;0;0;2;0;1;0;0;0;1
"złoty";0;0;2;2;0;0;11;6;6;0;0;0;3;0;1;1;0;0;1;1
"zły";1;2;1;0;0;1;1;1;0;0;0;0;0;0;1;2;0;0;2;2
"zmienić";0;0;0;1;1;3;0;0;1;0;2;0;0;0;1;0;1;0;1;0
"zmierzch";0;1;0;0;0;1;1;0;1;0;0;0;0;0;0;0;0;1;0;1
"znać";0;1;0;0;0;2;2;1;3;0;1;1;0;4;0;1;0;1;2;1
"znaczny";0;0;0;0;0;1;0;0;0;1;1;0;0;0;0;1;1;0;3;1
"znaczyć";0;0;1;0;0;1;3;0;0;0;0;0;0;1;1;0;0;1;0;0
"znak";1;0;0;0;1;0;1;1;1;1;0;0;0;3;0;1;0;0;1;1
"znaleźć";0;0;1;0;3;3;3;3;2;0;1;1;2;0;0;1;0;1;7;3
"znany";0;0;0;0;3;0;0;0;0;1;3;1;0;1;0;2;0;0;0;0
"znowu";3;1;10;2;2;1;2;3;2;0;0;0;0;3;1;0;9;0;0;2
"zobaczyć";0;0;0;0;4;1;4;0;2;0;1;0;0;0;1;2;0;4;0;2
"zostać";0;0;0;0;3;10;2;5;6;22;12;21;26;0;0;0;0;2;5;5
"zostawić";0;0;0;0;0;2;1;3;4;0;0;0;0;0;1;0;0;1;0;0
"zrobić";4;1;1;0;3;3;5;10;1;0;0;0;0;0;0;2;0;1;1;1
"źródło";0;0;0;0;1;0;0;0;1;1;0;1;0;0;0;2;0;0;2;0
"zrozumieć";1;0;0;0;2;0;1;1;2;0;0;0;0;0;2;0;0;2;1;0
"zwać";0;0;0;0;0;0;1;1;0;0;0;1;0;0;1;0;1;2;2;0
"zwrócić";0;0;1;0;3;0;2;1;0;0;0;1;0;0;0;1;0;0;1;1
"zwykły";1;1;0;0;2;0;0;0;1;0;1;0;0;1;1;2;3;1;0;1
"żyć";2;1;0;0;4;3;0;5;0;0;0;0;0;0;2;0;1;4;1;0
"życie";1;0;0;3;0;4;1;2;0;3;1;6;2;0;0;4;1;1;0;1
"żyła";0;0;0;0;0;1;1;0;0;1;0;1;0;0;0;1;0;0;2;0
"żywy";2;0;3;2;2;0;0;0;0;0;0;0;0;0;1;1;0;0;2;1
